ID	Index	DQA1*03:03-DQB1*03:02	DRB1*04:05	Gene	AA Change	Num Passing Transcripts	Best Peptide	Best Transcript	MANE Select	Canonical	TSL	Allele	Pos	Prob Pos	Num Included Peptides	Num Passing Peptides	IC50 MT	IC50 WT	%ile MT	%ile WT	IC50 %ile MT	IC50 %ile WT	IM %ile MT	IM %ile WT	Pres %ile MT	Pres %ile WT	RNA Expr	RNA VAF	Allele Expr	RNA Depth	DNA VAF	Tier	Ref Match	Evaluation
chr2-53901384-53901385-G-C	114.PSME4.ENST00000404125.6.missense.1084H/D		6	PSME4	H1084D	1	KPSIVRLFDDLAEKIDR	ENST00000404125.6	True	True	1	DRB1*04:05	16	None	15	6	256.865	581.030	2.950	2.950	7.960	12.250	NA	NA	1.175	1.375	57.847	0.276	15.966	601.000	0.350	PoorBinder	False	Pending
chr2-61348284-61348285-C-G	115.USP34.ENST00000398571.7.missense.624D/H	1		USP34	D624H	1	QSEDIADIEALKEEHED	ENST00000398571.7	True	True	5	DQA1*03:03-DQB1*03:02	15	None	15	1	593.075	447.295	0.240	0.200	3.550	2.230	NA	NA	0.020	0.010	47.363	0.355	16.814	591.000	0.284	PoorBinder	False	Pending
chr22-37631020-37631021-C-G	855.GGA1.ENST00000343632.9.missense.484P/A		2	GGA1	P484A	4	SATSLLHTVSPEPA	ENST00000343632.9	True	True	1	DQA1*03:03-DQB1*03:02	14	None	15	2	1099.855	1943.440	1.700	7.000	7.760	14.185	NA	NA	1.700	7.000	51.482	0.435	22.395	386.000	0.436	PoorBinder	False	Pending
chr9-137199427-137199428-T-A	475.TPRN.ENST00000409012.6.missense.428E/D			TPRN	E428D	1	PPFLPAASDEAEPA	ENST00000409012.6	True	True	1	DQA1*03:03-DQB1*03:02	9	None	15	0	569.605	400.150	2.490	1.300	2.745	1.305	NA	NA	0.990	1.300	10.805	0.333	3.598	93.000	0.296	PoorBinder	False	Pending
chr5-134893641-134893642-T-C	269.TXNDC15.ENST00000358387.9.missense.248S/P		15	TXNDC15	S248P	1	ALHFLALDAPQHSSL	ENST00000358387.9	True	True	1	DRB1*04:05	10	None	15	15	24.095	29.100	0.910	1.345	0.320	0.480	NA	NA	3.365	5.200	42.950	0.996	42.778	447.000	0.993	PoorPresentation	False	Pending
chr10-125859825-125859826-G-C	500.DHX32.ENST00000284690.4.missense.209P/R		15	DHX32	P209R	1	ARRELKLIINSSPH	ENST00000284690.4	True	True	1	DRB1*04:05	3	None	15	15	42.550	65.490	1.035	2.585	0.695	1.695	NA	NA	9.950	9.650	53.951	0.998	53.843	518.000	1.000	PoorPresentation	False	Pending
chr8-125102410-125102411-G-C	427.NSMCE2.ENST00000287437.8.missense.27L/F		15	NSMCE2	L27F	4	GFISFSGVESALSSFKN	ENST00000287437.8	True	True	1	DRB1*04:05	15	None	15	15	87.560	85.265	1.825	1.880	0.985	0.990	NA	NA	4.730	5.180	78.578	0.242	19.016	996.000	0.262	PoorPresentation	False	Pending
chr22-50177151-50177152-C-T	872.PANX2.ENST00000395842.3.missense.147S/F		15	PANX2	S147F	2	FLAFTRLTSELNFLL	ENST00000395842.3	True	True	2	DRB1*04:05	4	None	15	15	42.350	371.190	1.465	16.000	1.060	14.500	NA	NA	9.665	49.200	10.842	1.000	10.842	124.000	0.996	PoorPresentation	False	Pending
chr15-62819536-62819537-G-A	697.TLN2.ENST00000636159.2.missense.2265E/K		15	TLN2	E2265K	2	PTPKFKQQLAAFSKRVA	ENST00000636159.2	True	True	5	DRB1*04:05	4	None	15	15	77.290	101.240	1.850	2.845	1.750	2.445	NA	NA	7.415	7.615	20.006	0.351	7.022	154.000	0.452	PoorPresentation	False	Pending
chr19-19336157-19336158-A-C	804.MAU2.ENST00000262815.13.missense.111S/R	15	9	MAU2	S111R	1	DVKFEAARLLSELY	ENST00000262815.13	True	True	1	DQA1*03:03-DQB1*03:02	8	None	15	15	268.340	176.555	0.560	0.180	0.395	0.115	NA	NA	2.900	1.900	34.844	0.437	15.227	238.000	0.345	PoorPresentation	False	Pending
chr6-33723018-33723020-CA-TG	308.IP6K3.ENST00000293756.5.missense.311-312SV/SI		15	IP6K3	SV311-312SI	2	LRALLSIIRSQSSYR	ENST00000293756.5	True	True	1	DRB1*04:05	7	None	15	15	47.005	59.795	1.950	2.885	1.250	1.885	NA	NA	10.000	11.800	0.009	NA	NA	NA	0.718	PoorPresentation	False	Pending
chr12-112043094-112043095-A-C	590.NAA25.ENST00000261745.9.missense.789S/R		11	NAA25	S789R	1	SSFYLVNDIYELDTRGL	ENST00000261745.9	True	True	1	DRB1*04:05	15	None	15	11	68.690	88.605	2.760	3.575	2.105	2.770	NA	NA	3.705	3.705	23.927	1.000	23.927	192.000	1.000	Poor	False	Pending
chr5-1331835-1331836-C-A	256.CLPTM1L.ENST00000320895.10.missense.313K/N		15	CLPTM1L	K313N	3	LLFDFLAFKNDISFWNKK	ENST00000320895.10	True	True	1	DRB1*04:05	16	None	15	15	154.390	167.750	3.650	4.350	3.650	4.350	NA	NA	5.410	5.110	169.373	0.325	55.046	1031.000	0.378	Poor	False	Pending
chr8-38428419-38428420-G-A	410.FGFR1.ENST00000447712.7.missense.125S/L	14	6	FGFR1	S125L	10	YFSVNVSDALPSLEDD	ENST00000447712.7	True	True	1	DQA1*03:03-DQB1*03:02	13	None	15	15	328.330	467.535	1.800	4.000	1.475	3.320	NA	NA	4.000	4.000	143.964	0.999	143.820	1501.000	1.000	Poor	True	Pending
chr2-669669-669670-C-T	102.TMEM18.ENST00000281017.8.missense.111M/I		15	TMEM18	M111I	3	VVIWVWKTLNVMTDL	ENST00000281017.8	True	True	1	DRB1*04:05	3	None	15	15	96.465	108.265	4.280	5.220	4.280	5.220	NA	NA	4.595	4.795	55.263	0.306	16.910	980.000	0.262	Poor	False	Pending
chr17-4545724-4545725-T-C	729.MYBBP1A.ENST00000254718.9.missense.653E/G		15	MYBBP1A	E653G	2	LVGILLALLAQPSHL	ENST00000254718.9	True	True	1	DRB1*04:05	3	None	15	15	59.650	64.050	4.450	4.850	2.375	2.720	NA	NA	27.100	26.600	47.493	0.319	15.150	420.000	0.352	Poor	False	Pending
chr14-55180753-55180754-G-A	636.DLGAP5.ENST00000247191.7.missense.202S/L		15	DLGAP5	S202L	2	PTLLRMTRSATQAAK	ENST00000247191.7	True	True	1	DRB1*04:05	3	None	15	15	79.995	165.955	4.000	6.235	3.365	6.250	NA	NA	6.235	5.585	53.642	0.224	12.016	825.000	0.240	Poor	False	Pending
chr2-47806319-47806320-G-A	108.MSH6.ENST00000234420.11.missense.1255D/N		15	MSH6	D1255N	6	STHYHSLVENYSQNV	ENST00000234420.11	True	True	1	DRB1*04:05	10	None	15	15	155.445	482.820	5.270	13.150	7.335	18.800	NA	NA	3.685	9.750	48.832	0.338	16.505	352.000	0.318	Poor	False	Pending
chr13-45399008-45399009-C-T	616.SLC25A30.ENST00000519676.6.missense.228M/I		14	SLC25A30	M228I	2	VVRTRIMNQRVLRDG	ENST00000519676.6	True	True	1	DRB1*04:05	6	None	15	14	110.360	188.395	4.690	8.700	4.950	9.300	NA	NA	4.040	8.060	20.311	0.520	10.562	223.000	0.451	Poor	False	Pending
chr3-52395054-52395055-C-T	195.DNAH1.ENST00000420323.7.missense.3655P/L		15	DNAH1	P3655L	1	EPRFIELQTANLSVV	ENST00000420323.7	True	True	1	DRB1*04:05	7	None	15	15	40.560	559.760	2.050	12.250	0.915	24.000	NA	NA	4.395	5.845	3.000	0.550	1.650	20.000	0.263	Poor	False	Pending
chr8-125436370-125436371-C-T	432.TRIB1.ENST00000311922.4.missense.340S/F		15	TRIB1	S340F	3	WFEFVLEPGYIDSE	ENST00000311922.4	True	True	1	DRB1*04:05	4	None	15	15	187.840	1196.950	2.000	41.000	4.095	34.500	NA	NA	1.995	50.900	78.491	0.102	8.006	795.000	0.133	Poor	False	Pending
chr11-6401000-6401001-C-T	541.APBB1.ENST00000609360.6.missense.554A/T		15	APBB1	A554T	10	KFQVYYLGNVPVTKPV	ENST00000609360.6	True	True	5	DRB1*04:05	13	None	15	15	108.800	156.380	4.085	4.195	4.085	5.630	NA	NA	5.045	4.195	6.678	1.000	6.678	85.000	0.990	Poor	False	Pending
chrX-40655057-40655058-G-T	892.MED14.ENST00000324817.6.missense.1325F/L		15	MED14	F1325L	1	VHIMKLELLPDQAT	ENST00000324817.6	True	True	1	DRB1*04:05	9	None	15	15	128.370	221.600	8.100	9.690	5.120	7.190	NA	NA	18.100	20.350	18.572	1.000	18.572	146.000	1.000	Poor	False	Pending
chr19-57397065-57397066-G-T	811.ZNF548.ENST00000336128.12.missense.24D/Y		6	ZNF548	D24Y	2	VFEYVAIYFSQEEWG	ENST00000336128.12	True	True	2	DRB1*04:05	4	None	16	6	109.450	947.260	4.085	24.395	3.750	35.500	NA	NA	9.585	9.485	13.433	0.378	5.078	127.000	0.468	Poor	False	Pending
chr5-14507134-14507135-C-T	263.TRIO.ENST00000344204.9.missense.2876R/C		9	TRIO	R2876C	2	PTSYILVLEMADQGCLL	ENST00000344204.9	True	True	1	DRB1*04:05	15	15	15	9	189.550	169.650	9.485	4.235	9.290	5.165	NA	NA	11.985	4.235	74.348	0.250	18.587	376.000	0.259	Poor	False	Pending
chr8-22566400-22566401-G-C	399.SORBS3.ENST00000240123.12.missense.336R/P		10	SORBS3	R336P	1	HAPYLGSAPSLSPH	ENST00000240123.12	True	True	1	DRB1*04:05	9	None	15	10	186.300	405.800	7.250	20.000	6.350	15.000	NA	NA	18.250	38.900	23.107	0.374	8.642	195.000	0.464	Poor	True	Pending
chr1-27793606-27793607-C-G	8.STX12.ENST00000373943.9.missense.88P/R		15	STX12	P88R	1	NELLKELGSLRLPLS	ENST00000373943.9	True	True	1	DRB1*04:05	11	None	15	15	237.510	212.750	10.350	10.040	9.750	8.740	NA	NA	18.900	16.650	26.914	1.000	26.914	432.000	1.000	Poor	False	Pending
chr10-37957500-37957501-C-T	490.ZNF25.ENST00000302609.8.missense.21E/K		15	ZNF25	E21K	1	KEKWKLLTPAQRTLY	ENST00000302609.8	True	True	1	DRB1*04:05	3	None	15	15	97.785	126.545	8.900	10.550	4.050	5.700	NA	NA	15.450	15.950	13.090	0.471	6.165	187.000	0.485	Poor	False	Pending
chr2-102015965-102015966-C-T	131.IL1R2.ENST00000332549.8.missense.143T/I		15	IL1R2	T143I	3	AFLPFISYPQILILS	ENST00000332549.8	True	True	1	DRB1*04:05	13	None	15	15	75.050	90.895	3.250	4.365	2.300	2.900	NA	NA	29.750	28.250	0.517	0.300	0.155	10.000	0.200	Poor	False	Pending
chr7-112342710-112342711-G-C	379.ZNF277.ENST00000361822.8.missense.445L/F		15	ZNF277	L445F	1	SKLYALKQSSIFNQL	ENST00000361822.8	True	True	1	DRB1*04:05	12	None	15	15	209.200	151.745	10.900	8.400	9.450	7.300	NA	NA	53.500	42.100	58.592	0.347	20.331	505.000	0.434	Poor	False	Pending
chr9-133354714-133354715-G-C	474.SURF1.ENST00000371974.8.missense.89N/K		15	SURF1	N89K	1	RKWKLKLIAELESRV	ENST00000371974.8	True	True	1	DRB1*04:05	6	None	15	15	244.740	169.240	12.500	8.800	10.500	8.200	NA	NA	18.000	22.600	46.709	0.762	35.592	563.000	0.700	Poor	False	Pending
chr2-63942505-63942506-C-G	116.VPS54.ENST00000272322.9.missense.453D/H		15	VPS54	D453H	3	LLKHIFSKFTIFLQR	ENST00000272322.9	True	True	5	DRB1*04:05	4	None	15	15	162.505	186.350	9.535	14.375	6.485	7.575	NA	NA	25.650	24.150	12.384	1.000	12.384	86.000	1.000	Poor	False	Pending
chr1-43432295-43432296-G-C	25.SZT2.ENST00000634258.3.missense.1767G/R		14	SZT2	G1767R	2	KEEFRRLHLPRHV	ENST00000634258.3	True	True	5	DRB1*04:05	11	None	15	14	252.450	544.450	6.500	11.350	5.795	11.350	NA	NA	19.350	26.450	34.708	0.344	11.940	96.000	0.338	Poor	False	Pending
chr6-46662451-46662452-C-G	314.SLC25A27.ENST00000371347.10.missense.154Q/E		5	SLC25A27	Q154E	2	IGQFLANPTDLVKVEMQM	ENST00000371347.10	True	True	1	DRB1*04:05	15	None	15	5	210.095	164.600	7.400	6.950	6.750	4.700	NA	NA	30.800	31.000	14.615	0.521	7.614	71.000	0.484	Poor	False	Pending
chr4-103145955-103145956-C-G	237.CENPE.ENST00000265148.9.missense.1429R/T		15	CENPE	R1429T	2	EIEMLGLSKTLQESH	ENST00000265148.9	True	True	2	DRB1*04:05	10	None	15	15	214.560	1102.750	7.150	43.500	8.420	36.000	NA	NA	5.940	60.300	29.958	0.242	7.250	380.000	0.239	Poor	False	Pending
chr16-25246937-25246938-C-T	717.ZKSCAN2.ENST00000328086.12.missense.420E/K		12	ZKSCAN2	E420K	1	AFFKDMDALLNPAA	ENST00000328086.12	True	True	1	DRB1*04:05	4	None	15	12	159.400	263.800	4.645	8.050	4.320	8.545	NA	NA	4.845	6.445	4.925	0.441	2.172	68.000	0.454	Poor	False	Pending
chr20-10054508-10054509-G-C	823.ANKEF1.ENST00000378392.6.missense.694K/N		9	ANKEF1	K694N	2	LLSSIYGVPTTSEGNKV	ENST00000378392.6	True	True	1	DRB1*04:05	15	None	15	9	176.560	155.610	3.800	3.100	5.875	5.020	NA	NA	0.388	0.367	3.908	0.382	1.493	34.000	0.521	Poor	False	Pending
chr12-889169-889170-C-G	576.WNK1.ENST00000315939.11.missense.1799Q/E		5	WNK1	Q1799E	6	DAELRRTLSPEMIT	ENST00000315939.11	True	True	1	DRB1*04:05	3	None	15	5	251.960	171.845	14.850	11.950	10.540	6.490	NA	NA	18.850	19.350	97.460	0.700	68.222	593.000	0.604	Poor	True	Pending
chr9-37784015-37784016-T-A	458.EXOSC3.ENST00000327304.10.missense.124K/N		11	EXOSC3	K124N	2	GDHVIGIVTANSGDI	ENST00000327304.10	True	True	1	DRB1*04:05	11	None	15	11	269.345	359.845	8.280	13.210	12.030	15.710	NA	NA	4.045	2.755	28.784	0.533	15.342	255.000	0.480	Poor	False	Pending
chr3-172353066-172353067-C-T	222.FNDC3B.ENST00000415807.7.missense.927P/S		8	FNDC3B	P927S	3	TTMHVMKDLLSETT	ENST00000415807.7	True	True	1	DRB1*04:05	11	None	15	8	435.140	738.150	9.000	17.615	12.145	20.000	NA	NA	3.635	9.750	92.076	0.317	29.188	928.000	0.356	Poor	False	Pending
chr6-70190343-70190344-G-C	319.COL19A1.ENST00000620364.5.missense.1019K/N		15	COL19A1	K1019N	1	EINKYINQEVLRIFE	ENST00000620364.5	True	True	1	DRB1*04:05	3	None	15	15	214.840	183.720	4.750	4.075	8.150	6.450	NA	NA	4.425	4.075	10.708	0.269	2.880	52.000	0.255	Poor	False	Pending
chr22-50243800-50243801-T-C	873.TUBGCP6.ENST00000248846.10.missense.220H/R		15	TUBGCP6	H220R	2	RVSLFGALVRSRTY	ENST00000248846.10	True	True	1	DRB1*04:05	10	None	15	15	208.200	169.620	13.000	7.515	9.170	5.565	NA	NA	58.550	45.150	24.241	0.775	18.787	334.000	0.750	Poor	False	Pending
chr17-45119014-45119029-TAGACGGTCGTTGTTG-T	761.PLCD3.ENST00000619929.5.inframe_del.233-238SNNDRL/S			PLCD3	SNNDRL233-238S	1	DHSEGAEIEEFL	ENST00000619929.5	True	True	1	DQA1*03:03-DQB1*03:02	2, 3	None	15	0	850.235	513.605	2.400	0.760	3.425	2.005	NA	NA	2.400	0.760	26.946	1.000	26.946	64.000	0.941	Poor	False	Pending
chr6-157133135-157133136-G-C	334.ARID1B.ENST00000636930.2.missense.897G/A		11	ARID1B	G897A	6	GGQMHAAISSFQQS	ENST00000636930.2	True	True	2	DRB1*04:05	7	None	15	11	383.175	1123.200	11.105	33.000	12.255	33.000	NA	NA	8.800	36.350	39.757	1.000	39.757	163.000	1.000	Poor	False	Pending
chrX-9937278-9937279-G-C	885.SHROOM2.ENST00000380913.8.missense.1245D/H		15	SHROOM2	D1245H	2	EKHQIKTLSTSEQF	ENST00000380913.8	True	True	1	DRB1*04:05	3	None	15	15	222.200	220.800	2.700	2.650	5.100	6.150	NA	NA	1.305	1.255	0.608	1.000	0.608	4.000	1.000	Poor	False	Pending
chr3-121697676-121697677-G-C	204.GOLGB1.ENST00000614479.5.missense.949A/G		4	GOLGB1	A949G	3	LKEQLNLLSRAEEGKK	ENST00000614479.5	True	True	1	DRB1*04:05	14	None	15	4	357.935	326.650	13.000	12.000	11.790	8.950	NA	NA	17.250	17.750	45.429	0.967	43.930	307.000	1.000	Poor	False	Pending
chr8-125436370-125436372-CC-TT	435.TRIB1.ENST00000311922.4.missense.340S/F		15	TRIB1	S340F	3	WFEFVLEPGYIDSE	ENST00000311922.4	True	True	1	DRB1*04:05	4	None	15	15	187.840	1196.950	2.000	41.000	4.095	34.500	NA	NA	1.995	50.900	78.491	NA	NA	NA	0.136	Poor	False	Pending
chr11-62752450-62752451-G-A	555.ZBTB3.ENST00000394807.5.missense.405S/F		2	ZBTB3	S405F	2	FEYEAAPGSFGVFTEDV	ENST00000394807.5	True	True	1	DQA1*03:03-DQB1*03:02	1	None	15	2	511.510	570.435	3.230	4.330	2.365	2.915	NA	NA	9.300	9.200	13.703	0.601	8.236	148.000	0.670	Poor	False	Pending
chr3-33053544-33053545-G-T	187.GLB1.ENST00000307377.12.missense.115S/R		5	GLB1	S115R	3	LSEWRASYNSAGRNI	ENST00000307377.12	False	False	1	DRB1*04:05	13	None	15	5	375.060	404.780	10.000	10.500	15.500	17.000	NA	NA	2.780	3.130	77.589	0.253	19.630	782.000	0.314	Poor	False	Pending
chr16-58516554-58516555-G-A	721.SETD6.ENST00000219315.9.missense.185R/H	4	13	SETD6	R185H	2	NIHSEYQSIVLPFMEA	ENST00000219315.9	True	True	1	DQA1*03:03-DQB1*03:02	3	None	15	14	430.205	510.370	3.300	3.700	2.715	3.555	NA	NA	4.300	4.300	11.622	0.340	3.951	100.000	0.335	Poor	False	Pending
chr15-74280668-74280669-G-T	703.CCDC33.ENST00000398814.8.missense.297M/I		15	CCDC33	M297I	1	LVLEYYSSTSIKGSQ	ENST00000398814.8	True	True	2	DRB1*04:05	11	None	15	15	243.315	243.850	2.050	3.100	9.100	9.250	NA	NA	1.750	2.315	0.158	1.000	0.158	1.000	0.585	Poor	False	Pending
chr11-64320894-64320895-T-C	565.PRDX5.ENST00000347941.4.missense.68F/L		2	PRDX5	F68L	3	IKVRLLADPTGALGK	ENST00000347941.4	False	False	1	DRB1*04:05	13	None	15	2	498.040	891.800	13.270	21.465	20.000	26.965	NA	NA	7.960	8.510	580.692	0.439	254.924	6089.000	0.427	Poor	False	Pending
chr9-137436071-137436072-C-T	478.ENTPD8.ENST00000371506.7.missense.331G/S		15	ENTPD8	G331S	2	ELFNFSSCQSQEDCA	ENST00000371506.7	True	True	5	DRB1*04:05	10	8,14	15	15	132.500	392.460	5.185	16.200	5.685	16.940	NA	NA	4.010	16.200	0.236	0.500	0.118	4.000	0.346	Poor	False	Pending
chr16-74391670-74391671-C-T	725.NPIPB15.ENST00000692376.1.missense.308P/L		15	NPIPB15	P308L	2	LKEYLLVPLPLSPL	ENST00000692376.1	True	True	NA	DRB1*04:05	11	None	15	15	125.675	85.110	6.400	3.250	2.845	1.480	NA	NA	17.500	16.750	10.432	0.015	0.156	68.000	0.409	Poor	True	Pending
chr15-49282070-49282071-G-T	693.GALK2.ENST00000560031.6.missense.197A/S			GALK2	A197S	5	EGGGMDQSISFLSEEG	ENST00000560031.6	True	True	1	DQA1*03:03-DQB1*03:02	13	None	15	0	639.090	454.755	7.400	3.110	5.730	2.705	NA	NA	26.000	16.000	24.473	1.000	24.473	184.000	1.000	Poor	False	Pending
chr1-154590262-154590263-T-A	45.ADAR.ENST00000368474.9.missense.806E/V			ADAR	E806V	13	RMGFTVVTPVTGASL	ENST00000368474.9	True	True	1	DRB1*04:05	6	None	15	0	656.690	1083.335	9.065	17.380	21.565	29.880	NA	NA	4.970	7.615	131.835	0.348	45.879	1233.000	0.302	Poor	False	Pending
chr1-86453473-86453474-G-A	37.CLCA2.ENST00000370565.5.missense.754G/E	1	14	CLCA2	G754E	1	GGSFSVLEVPAGPH	ENST00000370565.5	True	True	1	DRB1*04:05	8	None	15	15	267.015	331.485	3.290	3.350	6.050	8.400	NA	NA	0.681	0.843	0.509	1.000	0.509	2.000	0.575	Poor	False	Pending
chrX-154349376-154349377-C-G	945.FLNA.ENST00000369850.10.missense.2581D/H		6	FLNA	D2581H	4	GLGLSKAYVGQKSSFTVH	ENST00000369850.10	True	True	1	DRB1*04:05	18	None	15	6	677.020	783.305	11.000	12.500	11.000	12.500	NA	NA	20.550	19.350	706.463	0.998	705.050	5609.000	0.992	Poor	False	Pending
chrX-68717715-68717716-G-A	922.STARD8.ENST00000374599.8.missense.268G/S		7	STARD8	G268S	3	AGFYRAKNWAATSASGS	ENST00000374599.8	True	True	1	DRB1*04:05	15	None	15	7	164.290	187.595	8.900	11.500	7.645	9.620	NA	NA	13.050	13.050	0.753	1.000	0.753	3.000	1.000	Poor	False	Pending
chr1-39429921-39429922-G-C	21.MACF1.ENST00000564288.6.missense.5662E/Q		2	MACF1	E5662Q	5	SSKALRTLQQARQLA	ENST00000564288.6	True	True	5	DRB1*04:05	9	None	15	2	443.810	701.455	21.000	25.650	21.000	30.000	NA	NA	22.350	21.650	126.838	0.372	47.184	819.000	0.333	Poor	False	Pending
chrX-1419095-1419096-G-A	878.ASMTL.ENST00000381317.9.missense.422P/S		8	ASMTL	P422S	3	DAYYQSSETRLR	ENST00000381317.9	True	True	1	DRB1*04:05	7	None	15	8	482.155	1227.100	11.180	22.240	11.180	22.240	NA	NA	39.300	43.600	74.609	0.223	16.638	847.000	0.226	Poor	False	Pending
chr15-100900576-100900577-G-T	709.ALDH1A3.ENST00000329841.10.missense.296D/Y		2	ALDH1A3	D296Y	2	DADLYLAVECAHQGV	ENST00000329841.10	True	True	1	DRB1*04:05	5	10	15	2	343.495	3980.980	12.850	68.050	17.500	72.000	NA	NA	6.855	60.050	15.852	0.542	8.592	153.000	0.359	Poor	False	Pending
chr1-179109009-179109010-T-C	63.ABL2.ENST00000502732.6.missense.753T/A		3	ABL2	T753A	3	GGWSGITGFFAPRLI	ENST00000502732.6	True	True	1	DRB1*04:05	11	None	15	3	412.150	297.000	18.335	13.625	16.835	12.125	NA	NA	36.250	25.650	50.587	0.429	21.702	28.000	0.373	Poor	False	Pending
chr8-132141242-132141243-C-G	438.KCNQ3.ENST00000388996.10.missense.451D/H	9	4	KCNQ3	D451H	4	FTPLNVHAIEESPS	ENST00000388996.10	True	True	1	DQA1*03:03-DQB1*03:02	7	None	15	13	432.340	404.880	2.300	1.310	1.550	1.305	NA	NA	2.800	2.200	0.019	1.000	0.019	2.000	0.291	Poor	False	Pending
chr1-168179177-168179178-A-T	61.TIPRL.ENST00000367833.7.missense.34E/V			TIPRL	E34V	2	KTHIMKSADVVKLADE	ENST00000367833.7	True	True	1	DQA1*03:03-DQB1*03:02	11	None	15	0	754.555	796.155	8.400	2.980	10.580	9.990	NA	NA	8.400	2.700	55.746	0.332	18.508	927.000	0.273	Poor	False	Pending
chr5-133103958-133103959-T-C	268.HSPA4.ENST00000304858.7.missense.751L/P			HSPA4	L751P	1	PQNKQSLTMDPVVKSK	ENST00000304858.7	True	True	1	DRB1*04:05	1	None	15	0	547.470	535.530	19.800	19.710	19.800	19.710	NA	NA	18.950	18.950	114.662	0.996	114.203	1368.000	1.000	Poor	False	Pending
chr11-63544840-63544860-GTGAGCACTTTGTCACCCAGC-G	561.PLAAT4.ENST00000255688.8.FS.113-120GTGAGCACTTTGTCACCCAGC/G		5	PLAAT4	FS113-120	3	QKMKYSIVSRNCEIWQ	ENST00000255688.8	True	True	1	DRB1*04:05	14, 15, 16	12	15	5	337.200	454.950	11.245	13.865	9.750	10.250	NA	NA	22.300	21.300	43.703	0.115	5.026	426.000	0.071	Poor	False	Pending
chrX-1419025-1419026-G-A	875.ASMTL.ENST00000381317.9.missense.445T/M		9	ASMTL	T445M	3	QVAMAFNLSRFSSA	ENST00000381317.9	True	True	1	DRB1*04:05	4	None	15	9	509.950	612.100	18.500	23.500	13.000	17.500	NA	NA	63.150	69.400	74.609	0.460	34.320	804.000	0.467	Poor	False	Pending
chr17-5007046-5007047-C-T	733.KIF1C.ENST00000320785.10.missense.433S/F			KIF1C	S433F	1	PNTEFQIGPEEAMERL	ENST00000320785.10	True	True	1	DQA1*03:03-DQB1*03:02	5	None	15	0	779.350	1387.035	12.000	26.000	8.355	19.395	NA	NA	16.000	26.000	121.453	0.297	36.072	1679.000	0.316	Poor	False	Pending
chr8-125028638-125028639-T-C	425.WASHC5.ENST00000318410.12.missense.1135Y/C			WASHC5	Y1135C	2	ADVVGALLFLEDYVRC	ENST00000318410.12	True	True	1	DQA1*03:03-DQB1*03:02	16	16	15	0	612.780	644.620	9.400	7.500	5.995	5.820	NA	NA	26.000	25.000	65.088	0.212	13.799	448.000	0.139	Poor	False	Pending
chr5-1814504-1814505-G-A	259.NDUFS6.ENST00000469176.1.missense.118R/H		1	NDUFS6	R118H	1	WPPVHMLGQPAHPH	ENST00000469176.1	False	False	2	DRB1*04:05	12	None	15	1	482.050	681.915	27.500	37.000	18.000	22.250	NA	NA	39.800	54.100	181.433	0.500	90.716	6.000	0.410	Poor	False	Pending
chr18-36067341-36067342-C-G	770.RPRD1A.ENST00000399022.9.missense.21Q/H			RPRD1A	Q21H	2	LEKKLSELSNSQHSV	ENST00000399022.9	True	True	1	DRB1*04:05	13	None	15	0	567.540	461.810	15.850	14.630	23.500	21.500	NA	NA	7.420	4.590	57.249	0.500	28.625	602.000	0.417	Poor	False	Pending
chr7-102317255-102317256-A-G	377.SH2B2.ENST00000444095.3.missense.419H/R		15	SH2B2	H419R	2	WFRGTLSRVKAAQLV	ENST00000444095.3	True	True	2	DRB1*04:05	3	None	15	15	250.320	304.435	10.520	14.500	9.820	12.055	NA	NA	39.800	41.300	6.055	0.223	1.350	94.000	0.181	Poor	False	Pending
chr12-31697921-31697922-G-T	583.AMN1.ENST00000281471.11.missense.118H/N		14	AMN1	H118N	3	SEGIKAVASSCSYLNEA	ENST00000281471.11	True	True	1	DRB1*04:05	15	11	15	14	227.815	301.105	14.000	15.510	10.000	12.010	NA	NA	25.200	25.700	15.000	0.178	2.670	73.000	0.453	Poor	False	Pending
chr19-17052841-17052842-C-G	801.HAUS8.ENST00000253669.10.missense.304K/N		6	HAUS8	K304N	3	NDLELRRSFAQVLELSA	ENST00000253669.10	True	True	1	DQA1*03:03-DQB1*03:02	1	None	15	6	603.260	604.845	8.300	8.300	4.240	4.245	NA	NA	36.000	36.000	10.348	0.602	6.229	98.000	0.548	Poor	False	Pending
chr2-71611503-71611504-C-G	126.DYSF.ENST00000410020.8.missense.1367L/V		15	DYSF	L1367V	11	AWGLRNMKSYQVANI	ENST00000410020.8	True	True	1	DRB1*04:05	12	None	15	15	245.000	240.210	8.805	9.930	8.805	9.240	NA	NA	6.525	11.430	0.119	1.000	0.119	2.000	1.000	Poor	False	Pending
chr11-6410863-6410864-C-T	545.APBB1.ENST00000609360.6.missense.162E/K			APBB1	E162K	3	GEEKAAGEAEEEEKD	ENST00000609360.6	True	True	5	DQA1*03:03-DQB1*03:02	14	None	15	0	892.280	788.075	4.650	3.110	5.875	4.855	NA	NA	0.400	0.370	6.678	1.000	6.678	65.000	1.000	Poor	True	Pending
chr14-60724007-60724008-C-G	638.SIX4.ENST00000216513.5.missense.23E/Q			SIX4	E23Q	1	TGQIASAADIKQENGMQS	ENST00000216513.5	True	True	1	DQA1*03:03-DQB1*03:02	17	None	15	0	1254.370	1216.375	5.100	5.100	13.945	13.170	NA	NA	5.100	5.100	15.017	0.987	14.822	76.000	1.000	Poor	False	Pending
chr5-145817966-145817967-A-G	280.PRELID2.ENST00000683046.1.missense.99C/R		12	PRELID2	C99R	5	SHRLTWTQYASMKEESV	ENST00000683046.1	True	True	NA	DRB1*04:05	3	None	15	12	405.725	546.850	11.050	17.500	15.500	17.500	NA	NA	5.780	13.730	7.144	0.386	2.758	88.000	0.324	Poor	False	Pending
chr22-41524890-41524891-G-C	859.ACO2.ENST00000216254.9.missense.510E/Q			ACO2	E510Q	9	VTALAIAGTLKFNPQ	ENST00000216254.9	True	True	1	DRB1*04:05	15	None	15	0	818.925	643.735	14.175	11.690	26.175	24.000	NA	NA	9.470	9.270	119.616	0.238	28.469	1640.000	0.216	Poor	False	Pending
chr13-98431277-98431278-G-T	618.FARP1.ENST00000319562.11.missense.714R/L	4	3	FARP1	R714L	3	LAALAEITEMVAQLHG	ENST00000319562.11	True	True	1	DQA1*03:03-DQB1*03:02	1	None	15	7	701.575	671.205	15.000	13.000	8.545	7.620	NA	NA	38.000	33.000	26.190	0.994	26.033	169.000	1.000	Poor	False	Pending
chr16-3745299-3745300-G-C	713.CREBBP.ENST00000262367.10.missense.1297H/Q		9	CREBBP	H1297Q	2	LQYDIIWPSGFV	ENST00000262367.10	True	True	1	DRB1*04:05	2	None	15	9	659.950	719.000	12.820	13.500	12.320	12.500	NA	NA	51.050	51.550	54.323	0.303	16.460	251.000	0.239	Poor	False	Pending
chr7-112821984-112821985-G-T	380.BMT2.ENST00000297145.9.missense.326T/K		2	BMT2	T326K	1	KFSHMHLMAFRKISLKTK	ENST00000297145.9	True	True	1	DRB1*04:05	18	None	15	2	472.760	630.990	13.165	17.360	11.000	11.000	NA	NA	85.900	87.900	34.269	0.188	6.443	224.000	0.179	Poor	False	Pending
chr4-176120050-176120052-AG-GA	252.WDR17.ENST00000508596.6.missense.164-165KV/KI		12	WDR17	KV164-165KI	3	GKIVFGHIDGSLSI	ENST00000508596.6	True	True	1	DRB1*04:05	3	None	15	12	238.100	241.665	9.630	10.815	6.030	7.115	NA	NA	18.900	18.400	0.514	NA	NA	NA	0.508	Poor	False	Pending
chr6-152325133-152325134-C-T	331.SYNE1.ENST00000367255.10.missense.5203E/K		4	SYNE1	E5203K	2	TTVWQRWTRLRAVAQDQK	ENST00000367255.10	True	True	1	DRB1*04:05	18	None	15	4	501.550	675.840	8.900	12.725	8.850	12.725	NA	NA	15.600	15.700	5.739	0.286	1.641	7.000	0.323	Poor	False	Pending
chrX-78015862-78015863-G-C	929.ATP7A.ENST00000341514.11.missense.870D/H			ATP7A	D870H	11	MVHESLITGEAMPV	ENST00000341514.11	True	True	1	DQA1*03:03-DQB1*03:02	3	None	15	0	881.210	813.750	6.030	5.270	5.915	5.185	NA	NA	12.000	8.100	5.153	0.951	4.901	41.000	0.982	Poor	False	Pending
chr9-35609475-35609476-C-T	455.TESK1.ENST00000336395.6.missense.539H/Y			TESK1	H539Y	2	QYSLPRAAALERTEPS	ENST00000336395.6	True	True	1	DQA1*03:03-DQB1*03:02	2	None	15	0	725.025	869.420	9.700	8.600	10.305	12.730	NA	NA	9.700	8.600	9.206	1.000	9.206	97.000	1.000	Poor	False	Pending
chr8-143805313-143805314-A-C	450.SCRIB.ENST00000356994.7.missense.823V/G			SCRIB	V823G	4	ENAGTITPLRPEDDYS	ENST00000356994.7	True	True	2	DQA1*03:03-DQB1*03:02	4	None	15	0	879.085	632.580	5.200	3.590	10.525	5.845	NA	NA	5.200	2.600	61.627	0.055	3.389	402.000	0.164	Poor	False	Pending
chr17-7675087-7675088-C-T	736.TP53.ENST00000269305.9.missense.175R/H			TP53	R175H	17	AIYKQSQHMTEVVRH	ENST00000269305.9	True	True	1	DRB1*04:05	15	None	15	0	701.045	613.665	26.050	27.550	23.500	25.000	NA	NA	27.550	27.550	165.032	1.000	165.032	1415.000	0.989	Poor	False	Pending
chr16-2295600-2295601-C-G	711.ABCA3.ENST00000301732.10.missense.801E/D		7	ABCA3	E801D	2	PRDSTHRFEGLFAKLEKK	ENST00000301732.10	True	True	1	DRB1*04:05	3	None	15	7	511.545	503.810	10.750	10.540	10.750	10.540	NA	NA	14.000	14.000	6.120	0.628	3.843	86.000	0.578	Poor	False	Pending
chr5-141332647-141332648-C-T	275.PCDHGA1.ENST00000517417.3.missense.655S/F		2	PCDHGA1	S655F	2	FATVTLTVAVADRIS	ENST00000517417.3	True	True	1	DQA1*03:03-DQB1*03:02	1	None	15	2	675.930	761.660	3.400	3.740	3.555	4.420	NA	NA	3.400	2.200	0.326	0.571	0.186	7.000	0.681	Poor	False	Pending
chr9-120858190-120858191-G-A	464.PHF19.ENST00000373896.8.missense.499P/L			PHF19	P499L	3	LSDSSAEGASVPERPDE	ENST00000373896.8	True	True	2	DQA1*03:03-DQB1*03:02	1	None	15	0	1620.940	1806.630	8.350	9.130	18.175	20.565	NA	NA	7.600	7.500	47.989	0.447	21.451	103.000	0.517	Poor	False	Pending
chr17-80086142-80086143-G-C	764.CCDC40.ENST00000397545.9.missense.792E/D			CCDC40	E792D	2	LQQEMVKVTQEQDEQL	ENST00000397545.9	True	True	5	DQA1*03:03-DQB1*03:02	13	None	15	0	741.615	647.830	5.980	5.900	6.790	5.660	NA	NA	5.400	5.900	5.546	0.300	1.664	10.000	0.181	Poor	False	Pending
chr15-43149136-43149137-G-C	673.TMEM62.ENST00000260403.7.missense.284W/C		5	TMEM62	W284C	1	CKDNRRYRIFAFDHDLFS	ENST00000260403.7	True	True	1	DRB1*04:05	1	1	15	5	429.190	1693.955	15.010	20.850	7.960	23.775	NA	NA	20.850	20.850	3.179	1.000	3.179	39.000	0.960	Poor	False	Pending
chr2-31366060-31366061-G-C	107.XDH.ENST00000379416.4.missense.791R/G		1	XDH	R791G	1	VAKMLGVPANRIVVGVK	ENST00000379416.4	True	True	1	DRB1*04:05	15	None	15	1	471.840	334.905	21.500	21.000	18.090	15.140	NA	NA	27.650	27.650	9.677	1.000	9.677	83.000	1.000	Poor	False	Pending
chr20-4182496-4182497-C-A	818.SMOX.ENST00000305958.9.missense.340Q/K		3	SMOX	Q340K	5	KRKYTSFFRPGLPTE	ENST00000305958.9	True	True	1	DRB1*04:05	3	None	15	3	579.915	720.575	23.500	24.000	20.105	22.005	NA	NA	36.300	36.800	34.520	0.539	18.606	456.000	0.600	Poor	False	Pending
chr1-27359862-27359863-T-G	6.MAP3K6.ENST00000357582.3.missense.772I/L		1	MAP3K6	I772L	2	DLKGDNVLINTFSGLLK	ENST00000357582.3	True	True	1	DRB1*04:05	2	None	15	1	495.230	572.925	20.500	21.000	19.000	19.000	NA	NA	54.850	54.350	32.590	0.315	10.266	295.000	0.260	Poor	True	Pending
chr4-108650681-108650682-C-G	239.OSTC.ENST00000361564.9.missense.9F/L		6	OSTC	F9L	3	METLYRVPLLVLE	ENST00000361564.9	True	True	1	DRB1*04:05	9	None	15	6	940.500	1163.600	22.500	27.000	14.000	20.500	NA	NA	63.650	61.900	173.877	0.486	84.504	1028.000	0.462	Poor	False	Pending
chr11-862686-862687-C-G	521.TSPAN4.ENST00000397397.7.missense.67I/M			TSPAN4	I67M	9	NLLIITGAFVMAMGFVG	ENST00000397397.7	True	True	1	DRB1*04:05	13	None	15	0	892.910	948.025	23.925	27.140	23.925	27.140	NA	NA	49.900	48.500	72.214	0.996	71.925	550.000	1.000	Poor	False	Pending
chr17-29286059-29286060-C-G	757.NUFIP2.ENST00000225388.9.missense.645R/T			NUFIP2	R645T	1	TGLERNDSWGSFDLRAAI	ENST00000225388.9	True	True	1	DQA1*03:03-DQB1*03:02	1	None	15	0	1159.700	1359.740	15.000	15.000	10.795	12.655	NA	NA	20.000	20.000	31.008	0.998	30.946	661.000	1.000	Poor	False	Pending
chr1-183880710-183880711-A-C	66.RGL1.ENST00000360851.4.missense.174Y/S		3	RGL1	Y174S	2	LDSLTRMMPGSDPE	ENST00000360851.4	True	True	1	DRB1*04:05	3	None	15	3	376.050	340.050	10.700	8.850	14.000	11.750	NA	NA	8.000	8.850	0.461	0.286	0.132	7.000	0.300	Poor	False	Pending
chr10-125729432-125729433-C-G	496.EDRF1.ENST00000356792.9.missense.324P/A		2	EDRF1	P324A	2	EDIHMLVGSNMAIF	ENST00000356792.9	True	True	1	DRB1*04:05	12	None	15	2	447.300	452.250	16.500	17.000	13.125	13.500	NA	NA	32.700	31.700	17.377	0.185	3.215	205.000	0.155	Poor	False	Pending
chr19-14049194-14049195-C-T	791.IL27RA.ENST00000263379.4.missense.428A/V			IL27RA	A428V	1	GPTLWRLQDVPPGT	ENST00000263379.4	True	True	1	DRB1*04:05	10	None	15	0	837.650	996.955	9.100	12.200	16.185	20.825	NA	NA	2.750	4.390	13.617	0.305	4.153	197.000	0.262	Poor	False	Pending
chr1-227091907-227091908-T-G	99.CDC42BPA.ENST00000366766.8.missense.778K/T			CDC42BPA	K778T	5	TLTSELDKLTTLYENLSI	ENST00000366766.8	True	True	5	DRB1*04:05	1	None	15	0	646.955	647.010	9.950	9.950	18.000	17.570	NA	NA	3.725	3.725	40.050	0.063	2.523	317.000	0.231	Poor	False	Pending
chr12-48693119-48693120-G-C	586.CCNT1.ENST00000261900.8.missense.698I/M			CCNT1	I698M	1	EFVRPYSDYLNPRSGGM	ENST00000261900.8	True	True	1	DRB1*04:05	17	None	15	0	1001.865	966.480	16.150	16.150	27.500	24.990	NA	NA	12.150	12.150	23.125	1.000	23.125	230.000	1.000	Poor	False	Pending
chr14-91783159-91783160-T-A	647.TC2N.ENST00000435962.7.missense.471K/N		2	TC2N	K471N	4	AVNQWNETVINPEK	ENST00000435962.7	True	True	2	DRB1*04:05	6	None	15	2	517.000	506.430	9.300	7.000	16.030	10.700	NA	NA	3.760	2.280	1.985	0.125	0.248	16.000	0.151	Poor	False	Pending
chr3-186164997-186164998-C-T	229.DGKG.ENST00000265022.8.missense.706E/K		5	DGKG	E706K	3	LLKVVGLEGAMEMGQI	ENST00000265022.8	True	True	1	DQA1*03:03-DQB1*03:02	3	None	15	5	636.585	586.145	9.200	7.700	6.155	5.300	NA	NA	23.000	22.000	0.612	1.000	0.612	2.000	0.518	Poor	False	Pending
chr5-177460554-177460555-C-T	284.DBN1.ENST00000393565.6.missense.278E/K			DBN1	E278K	4	EVEKAAAIIAQRPD	ENST00000393565.6	True	True	5	DQA1*03:03-DQB1*03:02	4	None	15	0	1024.715	1003.600	5.200	2.100	7.200	6.925	NA	NA	4.900	2.100	109.087	0.009	0.982	1076.000	0.285	Poor	False	Pending
chr20-59944225-59944226-A-G	843.FAM217B.ENST00000360816.8.missense.95S/G			FAM217B	S95G	2	KENADEDSAGDLSDSE	ENST00000360816.8	True	True	1	DQA1*03:03-DQB1*03:02	10	None	15	0	1533.350	936.810	8.000	4.500	23.720	13.545	NA	NA	8.000	4.500	16.580	0.446	7.395	130.000	0.578	Poor	True	Pending
chr18-80136551-80136552-C-T	774.ADNP2.ENST00000262198.9.missense.380P/L			ADNP2	P380L	1	GLVNKSVGTSVLPINQ	ENST00000262198.9	True	True	1	DQA1*03:03-DQB1*03:02	2	None	15	0	1337.105	1778.400	13.230	18.000	15.115	18.905	NA	NA	12.000	12.000	19.521	1.000	19.521	143.000	0.932	Poor	False	Pending
chrX-15355261-15355262-C-T	888.VEGFD.ENST00000297904.4.missense.177E/K		3	VEGFD	E177K	1	KQLFEISVPLTSVPKLV	ENST00000297904.4	True	True	1	DRB1*04:05	15	None	15	3	459.865	289.905	14.500	14.500	14.280	11.450	NA	NA	19.600	19.050	0.674	1.000	0.674	5.000	0.987	Poor	False	Pending
chrX-107601385-107601386-G-T	941.FRMPD3.ENST00000683843.1.missense.1116S/I		3	FRMPD3	S1116I	3	PKRIKLEETSLVPR	ENST00000683843.1	True	True	NA	DRB1*04:05	4	None	15	3	569.310	4006.235	8.750	54.330	15.000	56.330	NA	NA	2.710	40.800	0.100	0.500	0.050	4.000	0.391	Poor	False	Pending
chr4-373601-373602-C-T	232.ZNF141.ENST00000240499.8.missense.389H/Y			ZNF141	H389Y	1	GKAFGRSRVLNEHKKIY	ENST00000240499.8	True	True	1	DRB1*04:05	17	None	15	0	517.915	520.505	14.600	14.600	17.500	17.500	NA	NA	9.600	9.600	2.222	0.821	1.824	39.000	0.917	Poor	True	Pending
chr9-129102403-129102404-T-C	467.CRAT.ENST00000318080.7.missense.209Y/C			CRAT	Y209C	6	HNCQFFELDVYHSDG	ENST00000318080.7	True	True	1	DRB1*04:05	3	3	15	0	609.325	493.540	9.500	5.695	17.920	14.210	NA	NA	6.895	4.895	11.624	0.018	0.209	169.000	0.275	Poor	False	Pending
chr8-143795429-143795430-C-T	446.SCRIB.ENST00000356994.7.missense.1235G/D			SCRIB	G1235D	4	NSLESISSIDRELSPED	ENST00000356994.7	True	True	2	DQA1*03:03-DQB1*03:02	17	None	15	0	1117.745	1365.235	12.000	14.000	10.240	13.095	NA	NA	12.000	14.000	61.627	0.141	8.689	687.000	0.162	Poor	False	Pending
chr20-41165771-41165772-C-G	835.PLCG1.ENST00000685551.1.missense.582S/C			PLCG1	S582C	3	LTEYCIETGAPDGC	ENST00000685551.1	True	True	NA	DRB1*04:05	14	5,14	15	0	1144.285	1074.550	22.000	18.550	33.000	31.500	NA	NA	3.840	2.440	67.838	0.444	30.120	392.000	0.429	Poor	False	Pending
chr9-35750917-35750918-C-T	457.RGP1.ENST00000378078.5.missense.139T/I			RGP1	T139I	1	PSFRGQSVKYVYKLI	ENST00000378078.5	True	True	1	DRB1*04:05	15	None	15	0	680.835	658.130	23.000	23.500	23.000	23.500	NA	NA	24.150	24.150	12.548	0.995	12.485	194.000	0.979	Poor	False	Pending
chr6-109451607-109451608-G-T	322.MICAL1.ENST00000358577.7.missense.309L/M			MICAL1	L309M	3	VMRQPFWPLGTGVA	ENST00000358577.7	False	False	1	DRB1*04:05	2	None	15	0	925.320	915.555	17.130	14.915	25.130	22.500	NA	NA	11.450	11.450	12.825	1.000	12.825	96.000	0.981	Poor	False	Pending
chr19-5928080-5928081-C-G	779.RANBP3.ENST00000439268.6.missense.229E/Q			RANBP3	E229Q	4	TAAWRSPSEAADEEKQ	ENST00000439268.6	False	False	1	DQA1*03:03-DQB1*03:02	16	None	15	0	1879.815	1030.355	17.190	4.670	23.595	13.835	NA	NA	3.600	2.800	36.036	1.000	36.036	320.000	0.987	Poor	False	Pending
chr7-82916602-82916603-C-A	354.PCLO.ENST00000333891.14.missense.3795D/Y		3	PCLO	D3795Y	3	IYAKLRYLEMGINRRK	ENST00000333891.14	True	True	2	DRB1*04:05	2	None	15	3	427.655	505.370	19.685	19.515	11.335	14.015	NA	NA	39.050	37.050	4.482	0.171	0.766	35.000	0.222	Poor	False	Pending
chr19-16093698-16093699-G-C	796.TPM4.ENST00000643579.2.missense.204E/Q			TPM4	E204Q	5	LKEAETRAQFAERT	ENST00000643579.2	True	True	NA	DQA1*03:03-DQB1*03:02	9	None	15	0	2127.425	1499.405	21.000	14.000	19.845	12.070	NA	NA	21.000	14.000	370.472	0.654	242.289	4066.000	0.480	Poor	False	Pending
chr2-236392010-236392011-C-T	184.IQCA1.ENST00000409907.8.missense.460E/K			IQCA1	E460K	3	RQELKNLKLAVDRERKR	ENST00000409907.8	True	True	1	DRB1*04:05	16	None	15	0	568.930	532.870	15.050	15.050	16.000	16.500	NA	NA	10.950	10.950	14.414	0.087	1.254	149.000	0.233	Poor	False	Pending
chr1-52961569-52961570-C-A	29.SCP2.ENST00000371514.8.missense.155A/D			SCP2	A155D	5	KHVDLLINKYGLSD	ENST00000371514.8	True	True	1	DRB1*04:05	14	None	15	0	1074.895	1330.820	27.500	35.500	27.500	35.500	NA	NA	30.050	34.050	51.669	0.534	27.591	219.000	0.482	Poor	False	Pending
chr10-132163376-132163377-C-G	517.JAKMIP3.ENST00000684848.1.missense.797R/G			JAKMIP3	R797G	17	LRERDAQILGERMELLQL	ENST00000684848.1	True	True	NA	DQA1*03:03-DQB1*03:02	10	None	15	0	832.445	1238.630	12.000	25.000	6.975	13.860	NA	NA	41.000	32.000	3.848	0.625	2.405	24.000	0.462	Poor	False	Pending
chr2-219471924-219471925-A-G	178.SPEG.ENST00000312358.12.missense.1258Y/C			SPEG	Y1258C	1	AGVCKSVIANKLGKA	ENST00000312358.12	True	True	5	DRB1*04:05	4	4	15	0	887.750	111.695	36.000	3.510	30.500	4.440	NA	NA	50.000	2.710	66.211	0.397	26.286	126.000	0.333	Poor	False	Pending
chr9-137255473-137255474-G-C	476.NELFB.ENST00000343053.6.missense.37G/R			NELFB	G37R	1	DRAPSRAVAGASAMFA	ENST00000343053.6	True	True	1	DQA1*03:03-DQB1*03:02	2	None	15	0	1549.315	1664.570	19.640	21.250	13.620	14.425	NA	NA	23.000	22.000	32.319	0.812	26.243	80.000	0.600	Poor	False	Pending
chr19-35841840-35841841-C-A	806.NPHS1.ENST00000378910.10.missense.897G/C		2	NPHS1	G897C	2	CGVHSSLLTIANVSAAQ	ENST00000378910.10	True	True	1	DRB1*04:05	1	1	15	2	504.085	515.650	15.500	15.000	15.500	15.000	NA	NA	18.450	18.450	0.377	1.000	0.377	2.000	0.081	Poor	False	Pending
chr2-216428741-216428742-C-G	176.SMARCAL1.ENST00000357276.9.missense.432L/V			SMARCAL1	L432V	2	VVSNLMPFQRAGVNFAI	ENST00000357276.9	True	True	2	DRB1*04:05	1	None	15	0	700.900	530.205	22.500	19.500	14.100	11.050	NA	NA	23.750	23.750	14.405	0.520	7.491	179.000	0.457	Poor	False	Pending
chr8-66813873-66813874-C-T	421.SGK3.ENST00000521198.7.missense.92A/V		6	SGK3	A92V	6	RRVGLNEFIQNLVRYPEL	ENST00000521198.7	True	True	1	DRB1*04:05	3	None	15	6	492.800	466.185	20.540	21.065	12.390	12.065	NA	NA	63.100	62.100	2.109	0.571	1.204	7.000	0.230	Poor	False	Pending
chr3-56617278-56617279-G-C	198.CCDC66.ENST00000394672.8.missense.671E/Q			CCDC66	E671Q	2	QELTQDKGASLQKE	ENST00000394672.8	True	True	1	DQA1*03:03-DQB1*03:02	12	None	15	0	2071.060	2269.425	17.000	11.000	18.190	18.020	NA	NA	16.000	6.900	24.974	1.000	24.974	133.000	1.000	Poor	False	Pending
chr6-118491773-118491774-G-A	327.CEP85L.ENST00000368491.8.missense.450S/F			CEP85L	S450F	5	EFEQKLAFTEKEVLQL	ENST00000368491.8	True	True	1	DQA1*03:03-DQB1*03:02	8	None	15	0	1008.345	1138.035	15.000	16.000	11.585	14.145	NA	NA	18.000	16.000	16.147	0.421	6.798	95.000	0.581	Poor	False	Pending
chr16-87417563-87417564-G-C	727.ZCCHC14.ENST00000671377.2.missense.427L/V			ZCCHC14	L427V	2	TSPAILMPSSVQTPQ	ENST00000671377.2	True	True	NA	DRB1*04:05	11	None	15	0	598.630	376.255	22.500	17.500	27.000	17.500	NA	NA	20.500	18.900	12.705	0.248	3.151	153.000	0.277	Poor	False	Pending
chr3-171138369-171138370-G-T	216.TNIK.ENST00000436636.7.missense.477R/S		1	TNIK	R477S	4	QQLLHEQALLLEYKS	ENST00000436636.7	True	True	1	DRB1*04:05	15	None	15	1	489.795	593.700	22.985	26.845	15.585	18.945	NA	NA	31.400	30.400	3.976	0.167	0.664	12.000	0.270	Poor	False	Pending
chrX-41344254-41344255-G-C	911.DDX3X.ENST00000644876.2.missense.294R/T			DDX3X	R294T	2	EARKFSYRSTVRP	ENST00000644876.2	True	True	NA	DRB1*04:05	10	None	16	0	1632.480	5210.050	36.000	56.500	28.025	55.500	NA	NA	53.400	72.250	158.794	0.999	158.635	1381.000	0.966	Poor	False	Pending
chr15-45133932-45133933-G-A	687.DUOX1.ENST00000389037.7.missense.43R/K		1	DUOX1	R43K	2	RFDGWYNNLMEHK	ENST00000389037.7	True	True	1	DRB1*04:05	13	None	15	1	644.435	743.430	17.000	18.325	12.665	14.825	NA	NA	26.200	26.700	0.947	1.000	0.947	2.000	1.000	Poor	False	Pending
chrX-43656385-43656386-C-A	918.MAOA.ENST00000338702.4.missense.15D/E			MAOA	D15E	2	EKASIAGHMFEVV	ENST00000338702.4	True	True	1	DQA1*03:03-DQB1*03:02	11	None	15	0	1310.715	2171.560	8.700	16.190	7.860	15.595	NA	NA	35.000	41.000	0.784	1.000	0.784	2.000	1.000	Poor	False	Pending
chr19-14049194-14049196-CC-TT	792.IL27RA.ENST00000263379.4.missense.428A/V			IL27RA	A428V	1	GPTLWRLQDVPPGT	ENST00000263379.4	True	True	1	DRB1*04:05	10	None	15	0	837.650	996.955	9.100	12.200	16.185	20.825	NA	NA	2.750	4.390	13.617	NA	NA	NA	0.268	Poor	False	Pending
chr1-150261628-150261629-G-A	42.CA14.ENST00000369111.9.missense.83G/S		3	CA14	G83S	2	SHTVQLSLPSTLY	ENST00000369111.9	True	True	1	DRB1*04:05	1	None	15	3	475.400	503.800	19.500	20.500	13.125	14.630	NA	NA	65.000	64.000	0.137	0.500	0.069	4.000	0.321	Poor	False	Pending
chr2-190982493-190982494-G-C	154.STAT1.ENST00000361099.8.missense.491P/A		8	STAT1	P491A	11	EPRNLSFFLTPA	ENST00000361099.8	True	True	1	DRB1*04:05	12	None	15	8	2225.750	2418.200	31.000	38.500	26.000	32.000	NA	NA	84.400	88.400	172.622	0.520	89.763	1475.000	0.583	Poor	False	Pending
chr7-97006043-97006044-G-C	376.DLX6.ENST00000518156.3.missense.23E/Q			DLX6	E23Q	1	KSAFMQFGQQQQQQQ	ENST00000518156.3	True	True	1	DRB1*04:05	6	None	15	0	648.990	1093.500	19.300	30.150	27.000	39.500	NA	NA	18.300	22.150	2.584	0.424	1.096	33.000	0.411	Poor	False	Pending
chr6-3723707-3723708-C-G	290.PXDC1.ENST00000380283.5.missense.203E/Q			PXDC1	E203Q	1	LFENGSEFPSQLED	ENST00000380283.5	True	True	1	DQA1*03:03-DQB1*03:02	11	None	15	0	1540.505	1044.140	18.000	11.000	14.040	8.335	NA	NA	36.000	30.000	22.483	0.539	12.118	406.000	0.418	Poor	False	Pending
chr6-29726902-29726904-AA-CT	301.HLA-F.ENST00000259951.12.missense.353N/L		5	HLA-F	N353L	1	AAAYSVVSGLLMI	ENST00000259951.12	True	True	NA	DRB1*04:05	10	None	15	5	524.260	480.255	17.000	10.550	15.960	10.550	NA	NA	24.450	10.550	74.251	NA	NA	NA	0.648	Poor	True	Pending
chr5-7886679-7886680-G-C	261.MTRR.ENST00000440940.7.missense.375E/Q		4	MTRR	E375Q	2	QIRAIPKKAFLRALVDY	ENST00000440940.7	True	True	1	DRB1*04:05	1	None	15	4	1007.645	1082.255	30.500	30.500	28.000	28.500	NA	NA	80.300	80.300	64.271	0.204	13.111	372.000	0.194	Poor	False	Pending
chrX-9967396-9967397-G-A	887.CLDN34.ENST00000445307.4.missense.14V/I			CLDN34	V14I	1	QFSIFALTTIGWI	ENST00000445307.4	True	True	NA	DRB1*04:05	4	None	15	0	572.100	780.450	17.000	21.500	14.500	17.000	NA	NA	59.350	77.200	0.013	1.000	0.013	1.000	0.989	Poor	False	Pending
chr12-49526214-49526215-G-A	588.SPATS2.ENST00000552918.6.missense.533R/H			SPATS2	R533H	3	TPSFKKGLPQHKPR	ENST00000552918.6	True	True	2	DRB1*04:05	11	None	15	0	1201.150	919.900	43.000	37.500	33.000	27.000	NA	NA	62.950	58.850	23.424	1.000	23.424	334.000	0.968	Poor	False	Pending
chr19-16572288-16572289-C-G	800.SLC35E1.ENST00000595753.6.missense.26E/Q			SLC35E1	E26Q	1	SGGARQGARVAAL	ENST00000595753.6	True	True	1	DQA1*03:03-DQB1*03:02	6	None	15	0	2443.405	1910.050	29.000	23.000	18.870	14.090	NA	NA	29.000	34.000	38.810	0.816	31.669	38.000	0.698	Poor	False	Pending
chr19-6755017-6755018-T-C	784.SH2D3A.ENST00000245908.11.missense.265E/G			SH2D3A	E265G	2	PEPEAPWWEAEEDEGE	ENST00000245908.11	True	True	1	DQA1*03:03-DQB1*03:02	15	None	15	0	1818.285	1434.060	12.330	7.420	25.165	20.710	NA	NA	4.900	2.500	3.820	1.000	3.820	5.000	0.985	Poor	False	Pending
chr20-17659330-17659331-C-T	825.RRBP1.ENST00000377813.6.missense.393E/K			RRBP1	E393K	2	QGKKVKGAQNQGKK	ENST00000377813.6	True	True	1	DRB1*04:05	6	None	12	0	3048.375	6714.315	34.515	44.255	47.565	64.000	NA	NA	33.450	39.000	153.904	0.493	75.875	676.000	0.574	Poor	False	Pending
chr20-35384131-35384132-C-G	830.UQCC1.ENST00000374385.10.missense.44W/S			UQCC1	W44S	5	DRALSRTSQSPQM	ENST00000374385.10	True	True	1	DRB1*04:05	10	None	15	0	1130.000	3079.500	38.000	47.500	26.000	46.500	NA	NA	60.050	58.100	47.722	0.327	15.605	581.000	0.434	Poor	False	Pending
chr19-6044262-6044263-G-C	781.RFX2.ENST00000303657.10.missense.37A/G			RFX2	A37G	3	PQRVLVQAGSSNPK	ENST00000303657.10	True	True	1	DRB1*04:05	9	None	15	0	1778.610	448.900	26.040	15.500	35.490	13.975	NA	NA	21.550	18.350	15.809	1.000	15.809	45.000	0.989	Poor	False	Pending
chr14-32600790-32600791-A-T	628.AKAP6.ENST00000280979.9.missense.910K/M			AKAP6	K910M	3	VEDEEGTGSPMAEVQL	ENST00000280979.9	True	True	1	DQA1*03:03-DQB1*03:02	11	None	15	0	1016.980	3628.530	15.000	26.000	12.465	44.200	NA	NA	15.000	26.000	2.905	0.250	0.726	8.000	0.708	Poor	False	Pending
chr22-26540809-26540810-G-T	849.TPST2.ENST00000338754.9.missense.274P/H			TPST2	P274H	3	HGGVSLSKIERSTD	ENST00000338754.9	True	True	1	DRB1*04:05	1	None	15	0	992.075	1153.935	28.030	29.730	28.030	29.730	NA	NA	36.650	36.150	28.333	0.210	5.950	371.000	0.203	Poor	False	Pending
chr2-175093191-175093192-C-G	145.ATF2.ENST00000264110.7.missense.352D/H			ATF2	D352H	6	HEKRRKFLERNRAAASR	ENST00000264110.7	True	True	1	DRB1*04:05	1	None	14	0	2025.530	2032.630	54.500	54.500	53.500	53.500	NA	NA	69.050	69.050	100.906	0.445	44.903	878.000	0.461	Poor	False	Pending
chr1-204125889-204125890-C-T	70.SOX13.ENST00000367204.6.missense.542S/L			SOX13	S542L	2	GQVQMSSLDVLYPRA	ENST00000367204.6	True	True	1	DRB1*04:05	8	None	15	0	639.155	1263.250	23.000	33.550	23.000	35.500	NA	NA	24.000	32.050	2.664	0.105	0.280	19.000	0.339	Poor	False	Pending
chr10-32567832-32567833-C-T	489.CCDC7.ENST00000639629.1.missense.454S/L			CCDC7	S454L	3	KETRKLLVSDSGGQR	ENST00000639629.1	False	True	5	DRB1*04:05	6	None	15	0	903.070	4268.070	28.170	48.200	28.170	57.150	NA	NA	27.600	46.050	20.750	0.208	4.316	226.000	0.359	Poor	False	Pending
chr1-227091906-227091907-GC-G	94.CDC42BPA.ENST00000366766.8.FS.778GC/G			CDC42BPA	FS778	5	QYEREKVLLTEENKN	ENST00000366766.8	True	True	5	DRB1*04:05	15	None	6	0	923.120	672.880	23.820	24.000	26.820	28.500	NA	NA	23.450	23.450	40.050	0.061	2.443	312.000	0.236	Poor	False	Pending
chr7-140024672-140024681-TCAAAGATCA-T	394.PARP12.ENST00000263549.8.inframe_del.662-665VIFE/E			PARP12	VIFE662-665E	1	SIFEKHQVYPEYVIQ	ENST00000263549.8	True	True	1	DRB1*04:05	1	None	15	0	1272.380	1891.955	21.500	26.755	35.500	39.755	NA	NA	16.500	17.500	29.767	0.153	4.554	307.000	0.108	Poor	False	Pending
chr15-50643416-50643417-T-G	695.TRPM7.ENST00000646667.1.missense.153K/T			TRPM7	K153T	2	TQLLGKGLIKAAVTTGA	ENST00000646667.1	True	True	NA	DRB1*04:05	1	None	15	0	1370.765	1360.345	33.500	33.000	33.500	33.000	NA	NA	56.450	56.450	28.628	0.450	12.883	416.000	0.500	Poor	True	Pending
chr7-92077866-92077867-G-C	361.AKAP9.ENST00000356239.8.missense.2313D/H			AKAP9	D2313H	13	LQQQLKITTHNKVIE	ENST00000356239.8	True	True	1	DRB1*04:05	10	None	15	0	1381.980	848.375	35.200	21.000	44.500	24.020	NA	NA	24.200	2.445	36.250	0.408	14.790	238.000	0.412	Poor	False	Pending
chr1-223264671-223264672-G-C	83.SUSD4.ENST00000366878.9.missense.228L/V		4	SUSD4	L228V	9	LQNVIWSSSPPR	ENST00000366878.9	True	True	1	DRB1*04:05	4	None	15	4	1047.000	618.150	30.500	23.000	16.250	10.200	NA	NA	56.950	56.700	24.362	0.203	4.945	236.000	0.374	Poor	False	Pending
chr17-82961144-82961145-G-C	765.B3GNTL1.ENST00000320865.4.missense.198L/V			B3GNTL1	L198V	2	VRKGGGVIRVDQSLLLYR	ENST00000320865.4	True	True	1	DRB1*04:05	1	None	15	0	1077.635	1313.220	21.285	25.770	21.285	25.770	NA	NA	43.250	43.250	10.001	0.235	2.350	81.000	0.221	Poor	False	Pending
chrX-71378281-71378287-GAGATAT-G	924.TAF1.ENST00000423759.6.inframe_del.327-329GDI/G			TAF1	GDI327-329G	4	PVESKFSQSTGDKVT	ENST00000423759.6	True	True	5	DRB1*04:05	13, 14, 15	None	15	0	1687.705	1408.020	32.450	25.945	50.000	36.445	NA	NA	20.450	11.750	18.137	0.745	13.512	153.000	0.894	Poor	False	Pending
chr7-155462475-155462476-A-G	398.EN2.ENST00000297375.4.missense.264Q/R			EN2	Q264R	1	KAEFRTNRYLTEQR	ENST00000297375.4	True	True	1	DRB1*04:05	5	None	15	0	694.750	888.250	23.500	28.000	23.500	28.000	NA	NA	27.050	29.800	0.408	0.375	0.153	16.000	0.263	Poor	False	Pending
chr1-36179727-36179728-G-A	16.MAP7D1.ENST00000474796.2.missense.764E/K			MAP7D1	E764K	4	PGLQKEAVQKEKPI	ENST00000474796.2	True	True	2	DRB1*04:05	12	None	9	0	3919.915	2820.005	37.255	35.355	52.755	46.355	NA	NA	5.250	5.400	93.193	0.326	30.381	1643.000	0.309	Poor	False	Pending
chr19-422192-422193-G-C	776.SHC2.ENST00000264554.11.missense.525H/D			SHC2	H525D	1	PGQYVLTGMDAGQPK	ENST00000264554.11	True	True	1	DRB1*04:05	10	None	15	0	808.575	988.595	24.800	30.350	33.500	37.500	NA	NA	14.600	16.050	8.139	0.070	0.570	115.000	0.110	Poor	False	Pending
chr13-113425167-113425168-G-T	623.ADPRHL1.ENST00000612156.3.missense.220H/N			ADPRHL1	H220N	3	YQENWFYFEAKWQF	ENST00000612156.3	True	True	5	DRB1*04:05	4	None	15	0	1241.690	1067.745	22.000	22.500	23.500	23.000	NA	NA	17.850	18.350	2.743	0.917	2.515	24.000	0.517	Poor	False	Pending
chr6-43587456-43587457-G-A	313.POLH.ENST00000372236.9.missense.153G/D			POLH	G153D	2	LPQDPTTAEETVQKE	ENST00000372236.9	True	True	1	DQA1*03:03-DQB1*03:02	4	None	16	0	2221.670	2379.045	17.450	18.810	20.725	22.405	NA	NA	2.700	3.600	12.570	0.291	3.658	237.000	0.230	Poor	False	Pending
chrX-77681732-77681733-T-C	927.ATRX.ENST00000373344.11.missense.1175K/E			ATRX	K1175E	2	DNKKKKQRTSSEKK	ENST00000373344.11	True	True	1	DRB1*04:05	12	None	3	0	4887.385	9175.410	52.235	89.000	56.235	78.000	NA	NA	47.550	92.200	57.053	0.990	56.482	293.000	1.000	Poor	False	Pending
chr7-77600798-77600799-C-T	348.PTPN12.ENST00000248594.11.missense.230H/Y			PTPN12	H230Y	3	KYQEHEDVPICIYC	ENST00000248594.11	True	True	1	DQA1*03:03-DQB1*03:02	13	11,14	15	0	2969.985	6437.345	45.000	63.000	29.955	52.085	NA	NA	69.000	84.000	128.676	0.161	20.717	732.000	0.203	Poor	False	Pending
chr19-12580947-12580948-G-A	788.ZNF490.ENST00000311437.11.missense.376S/F			ZNF490	S376F	1	GEAFKSSSFCEVHE	ENST00000311437.11	True	True	1	DQA1*03:03-DQB1*03:02	9	10	15	0	1802.585	2650.465	25.000	18.550	17.575	25.775	NA	NA	29.000	18.000	15.981	0.257	4.107	167.000	0.351	Poor	False	Pending
chr7-128815875-128815876-C-G	389.CCDC136.ENST00000297788.9.missense.1103S/C			CCDC136	S1103C	1	EEEEDDADCSLESPEE	ENST00000297788.9	True	True	1	DQA1*03:03-DQB1*03:02	9	9	15	0	2262.975	1527.860	15.190	12.410	31.095	19.705	NA	NA	15.000	4.100	4.998	0.250	1.250	32.000	0.200	Poor	False	Pending
chr18-80138228-80138229-G-T	775.ADNP2.ENST00000262198.9.missense.939R/I		14	ADNP2	R939I	1	ISAPKDSSSDLQAQPGF	ENST00000262198.9	True	True	1	DQA1*03:03-DQB1*03:02	1	None	15	14	4781.700	4715.250	35.000	35.000	38.870	38.560	NA	NA	27.000	28.000	19.521	0.959	18.721	122.000	1.000	Poor	False	Pending
chr6-43340177-43340178-C-G	311.ZNF318.ENST00000361428.3.missense.1274G/R			ZNF318	G1274R	1	SFRKFSWKKPEKEEE	ENST00000361428.3	True	True	1	DRB1*04:05	3	None	15	0	1479.290	2453.005	33.250	41.250	47.500	58.000	NA	NA	19.250	19.250	12.831	0.377	4.837	106.000	0.347	Poor	False	Pending
chr4-48420360-48420361-A-G	235.SLAIN2.ENST00000264313.11.missense.533R/G			SLAIN2	R533G	2	SATLTRPAGTTAMGSG	ENST00000264313.11	True	True	1	DQA1*03:03-DQB1*03:02	14	None	3	0	3589.975	2771.690	39.000	24.700	40.825	33.350	NA	NA	39.000	22.000	58.280	0.312	18.183	365.000	0.290	Poor	False	Pending
chr7-82908982-82908983-C-G	352.PCLO.ENST00000333891.14.missense.4444W/S			PCLO	W4444S	2	EAYHLRREETDSFD	ENST00000333891.14	True	True	2	DRB1*04:05	12	None	15	0	1504.470	2389.140	27.650	31.350	37.000	40.000	NA	NA	21.650	23.250	4.482	0.567	2.541	30.000	0.409	Poor	False	Pending
chr1-16972417-16972418-C-G	2.CROCC.ENST00000375541.10.missense.2009S/C			CROCC	S2009C	1	QQELRRSSAPFC	ENST00000375541.10	True	True	5	DRB1*04:05	12	12	15	0	2667.005	1820.565	35.955	18.500	35.955	18.000	NA	NA	51.950	39.500	11.754	1.000	11.754	56.000	0.988	Poor	False	Pending
chr4-154491218-154491219-G-C	249.DCHS2.ENST00000357232.10.missense.46S/C			DCHS2	S46C	2	RTQRCLLWLLVHVW	ENST00000357232.10	True	True	1	DRB1*04:05	5	5	15	0	1143.950	834.850	37.500	31.500	24.500	15.150	NA	NA	91.100	89.100	2.425	1.000	2.425	17.000	0.963	Poor	False	Pending
chr6-32181195-32181196-G-T	306.AGER.ENST00000375076.9.missense.388L/M			AGER	L388M	3	ERAEMNQSEEPEAGES	ENST00000375076.9	True	True	1	DQA1*03:03-DQB1*03:02	5	None	15	0	2695.785	2671.285	17.680	18.850	35.840	35.425	NA	NA	17.000	14.000	2.211	0.462	1.021	26.000	0.510	Poor	False	Pending
chr20-23354058-23354059-C-G	826.NXT1.ENST00000254998.3.missense.6F/L			NXT1	F6L	1	MASVDLKTYVDQA	ENST00000254998.3	True	True	1	DRB1*04:05	6	None	15	0	4860.225	4465.050	44.000	38.500	56.500	46.500	NA	NA	34.700	36.500	38.946	0.422	16.435	519.000	0.375	Poor	False	Pending
chr13-25541936-25541938-GA-CT	597.ATP8A2.ENST00000381655.7.missense.224D/L			ATP8A2	D224L	3	GLSHTALMQTREVLM	ENST00000381655.7	True	True	1	DRB1*04:05	7	None	15	0	810.830	2637.985	34.000	60.500	31.000	60.500	NA	NA	63.150	61.400	0.145	NA	NA	NA	0.319	Poor	False	Pending
chr9-4286160-4286161-G-T	453.GLIS3.ENST00000381971.8.missense.89Q/K			GLIS3	Q89K	1	ESRIHLPALSPRRK	ENST00000381971.8	True	True	5	DRB1*04:05	14	None	15	0	829.150	1103.375	38.000	39.500	26.000	26.545	NA	NA	73.750	74.750	2.761	0.043	0.119	23.000	0.153	Poor	False	Pending
chr15-40622779-40622780-C-T	672.KNL1.ENST00000399668.7.missense.839P/L			KNL1	P839L	2	IMDVLEDESVQKPKFL	ENST00000399668.7	True	True	1	DQA1*03:03-DQB1*03:02	16	None	15	0	2366.505	2826.025	42.000	42.000	30.685	33.740	NA	NA	63.000	52.000	13.527	0.492	6.655	128.000	0.444	Poor	False	Pending
chr15-40622778-40622779-C-T	668.KNL1.ENST00000399668.7.missense.839P/S			KNL1	P839S	2	IMDVLEDESVQKPKFL	ENST00000399668.7	True	True	1	DQA1*03:03-DQB1*03:02	16	None	15	0	2366.505	2826.025	42.000	42.000	30.685	33.740	NA	NA	63.000	52.000	13.527	0.492	6.655	128.000	0.444	Poor	False	Pending
chr22-37374977-37374978-G-A	852.ELFN2.ENST00000402918.7.missense.186P/L			ELFN2	P186L	1	ATFASLASLMVCELAGNL	ENST00000402918.7	True	True	4	DRB1*04:05	18	12	15	0	1148.200	605.010	31.535	24.330	24.500	20.330	NA	NA	81.100	81.100	0.890	0.368	0.328	19.000	0.168	Poor	False	Pending
chr14-32773880-32773881-G-T	631.AKAP6.ENST00000280979.9.missense.1192M/I			AKAP6	M1192I	2	IGKESETLNVIDPGLMDL	ENST00000280979.9	True	True	1	DQA1*03:03-DQB1*03:02	1	None	15	0	3042.330	2934.290	28.000	27.810	28.545	27.905	NA	NA	25.000	25.000	2.905	1.000	2.905	6.000	0.607	Poor	False	Pending
chr18-14106118-14106119-G-C	768.ZNF519.ENST00000590202.3.missense.141P/A		4	ZNF519	P141A	1	AMNKYQHKFLKSVF	ENST00000590202.3	True	True	1	DRB1*04:05	1	None	15	4	1567.550	1534.650	50.000	51.000	40.500	40.000	NA	NA	87.850	87.350	8.050	0.350	2.817	20.000	0.453	Poor	False	Pending
chr19-13765994-13765995-G-C	789.MRI1.ENST00000040663.8.missense.138R/T			MRI1	R138T	1	TDNRSIGDLGARHLLERV	ENST00000040663.8	True	True	1	DQA1*03:03-DQB1*03:02	1	None	15	0	2605.815	2779.930	44.000	44.000	30.395	31.725	NA	NA	55.000	56.000	24.532	0.201	4.931	389.000	0.224	Poor	False	Pending
chr22-37570267-37570268-C-G	853.LGALS2.ENST00000215886.6.missense.132E/Q			LGALS2	E132Q	1	LSVRGGFNMSSFKLKQ	ENST00000215886.6	True	True	1	DRB1*04:05	16	None	6	0	970.375	999.520	42.000	40.000	31.000	29.500	NA	NA	65.100	64.600	0.067	0.222	0.015	9.000	0.484	Poor	False	Pending
chr17-4818361-4818376-TGGACAGAATCCTGAA-T	731.PLD2.ENST00000263088.11.inframe_del.662-667VDRILK/V			PLD2	VDRILK662-667V	2	RTVLNKVGDEIVA	ENST00000263088.11	True	True	1	DQA1*03:03-DQB1*03:02	13	None	15	0	2800.030	2619.030	22.000	19.040	21.485	20.020	NA	NA	25.000	17.000	35.110	0.012	0.421	328.000	0.225	Poor	False	Pending
chr8-123220246-123220247-C-A	424.C8orf76.ENST00000276704.6.missense.333E/D			C8orf76	E333D	1	GEDIPEKIKDEVHPDV	ENST00000276704.6	True	True	1	DQA1*03:03-DQB1*03:02	15	None	16	0	7228.165	6355.425	45.810	41.560	63.405	59.780	NA	NA	27.000	31.000	45.915	0.173	7.943	352.000	0.129	Poor	False	Pending
chr11-46728135-46728136-T-C	547.F2.ENST00000311907.10.missense.424V/A			F2	V424A	2	PPWDKNFTENDLLA	ENST00000311907.10	True	True	1	DRB1*04:05	14	None	15	0	2017.850	2286.660	27.565	31.345	40.000	38.000	NA	NA	12.250	13.250	0.048	1.000	0.048	1.000	0.357	Poor	False	Pending
chr4-40808808-40808809-A-G	234.NSUN7.ENST00000381782.7.missense.676Y/C			NSUN7	Y676C	1	PQGIRSRMPTQHLC	ENST00000381782.7	True	True	1	DRB1*04:05	14	14	15	0	1269.950	1214.000	52.350	49.000	35.500	34.500	NA	NA	74.850	66.350	0.405	0.333	0.135	6.000	0.471	Poor	False	Pending
chr17-7588499-7588500-G-C	734.SOX15.ENST00000250055.3.missense.194Q/E			SOX15	Q194E	2	ESDPRLQGELLPTYTHYL	ENST00000250055.3	True	True	1	DRB1*04:05	1	None	6	0	2687.370	3236.745	56.000	56.000	39.900	43.815	NA	NA	81.500	81.500	0.580	0.692	0.401	13.000	0.722	Poor	False	Pending
chr15-40622778-40622780-CC-TT	670.KNL1.ENST00000399668.7.missense.839P/L			KNL1	P839L	2	IMDVLEDESVQKPKFL	ENST00000399668.7	True	True	1	DQA1*03:03-DQB1*03:02	16	None	15	0	2366.505	2826.025	42.000	42.000	30.685	33.740	NA	NA	63.000	52.000	13.527	NA	NA	NA	0.450	Poor	False	Pending
chr1-36179726-36179728-GG-AA	12.MAP7D1.ENST00000474796.2.missense.763-764EE/EK			MAP7D1	EE763-764EK	4	PGLQKEAVQKEKPI	ENST00000474796.2	True	True	2	DRB1*04:05	12	None	9	0	3919.915	2820.005	37.255	35.355	52.755	46.355	NA	NA	5.250	5.400	93.193	NA	NA	NA	0.361	Poor	False	Pending
chr3-184239802-184239803-C-T	228.VWA5B2.ENST00000691901.1.missense.836A/V			VWA5B2	A836V	3	VPPSGELAPPAVPPQV	ENST00000691901.1	True	True	NA	DQA1*03:03-DQB1*03:02	16	None	15	0	4233.210	5642.585	43.000	46.430	45.225	51.215	NA	NA	43.000	43.000	0.083	1.000	0.083	2.000	0.429	Poor	False	Pending
chr7-27130623-27130624-C-T	339.HOXA4.ENST00000360046.10.missense.37G/D			HOXA4	G37D	1	DGGPGYQQPPAPPTQ	ENST00000360046.10	True	True	1	DRB1*04:05	1	None	1	0	7034.550	7503.190	65.150	65.150	78.500	78.500	NA	NA	61.150	61.150	1.689	0.375	0.633	16.000	0.375	Poor	False	Pending
chr16-49281350-49281351-C-T	718.CBLN1.ENST00000219197.11.missense.39D/N			CBLN1	D39N	2	NSNPTSDPTGTALGISV	ENST00000219197.11	True	True	1	DQA1*03:03-DQB1*03:02	1	None	16	0	8740.310	8328.410	60.010	57.950	60.505	59.475	NA	NA	45.000	42.000	0.713	0.400	0.285	5.000	0.215	Poor	False	Pending
chr9-81992222-81992223-C-G	462.SPATA31D1.ENST00000344803.3.missense.585Q/E		15	SPATA31D1	Q585E	1	QPESPFRALLPSPLF	ENST00000344803.3	True	True	2	DRB1*04:05	3	None	15	15	11.275	16.660	0.475	0.630	0.095	0.325	NA	NA	25.200	25.700	0.000	1.000	0.000	2.000	0.693	NoExpr	False	Pending
chr15-69049033-69049034-G-C	699.NOX5.ENST00000388866.8.missense.659D/H		15	NOX5	D659H	5	SFEWFVSLLTKLEMHQA	ENST00000388866.8	True	True	1	DRB1*04:05	15	None	15	15	32.900	32.045	0.353	0.308	0.325	0.290	NA	NA	2.173	1.673	0.160	0.000	0.000	0.000	0.396	NoExpr	False	Pending
chr11-5968293-5968294-G-C	530.OR56A5.ENST00000532411.2.missense.67S/R		15	OR56A5	S67R	1	LYYLLRLLSLLDIV	ENST00000532411.2	True	True	NA	DRB1*04:05	6	None	15	15	29.475	26.440	0.900	1.004	0.735	0.700	NA	NA	26.400	24.354	0.000	1.000	0.000	2.000	1.000	NoExpr	False	Pending
chr1-22576425-22576426-C-A	3.EPHA8.ENST00000166244.8.missense.123N/K		15	EPHA8	N123K	2	KETFKLYYLESDRDL	ENST00000166244.8	True	True	2	DRB1*04:05	5	None	15	15	35.175	48.030	0.790	1.510	0.710	1.095	NA	NA	2.595	2.845	0.001	0.000	0.000	0.000	0.272	NoExpr	False	Pending
chr5-150120064-150120065-G-A	281.PDGFRB.ENST00000261799.9.missense.882T/I		15	PDGFRB	T882I	1	ESIFNSLYTILSDV	ENST00000261799.9	True	True	1	DRB1*04:05	10	None	15	15	32.175	28.640	1.385	0.785	0.940	0.665	NA	NA	2.835	2.400	0.280	0.000	0.000	6.000	0.291	NoExpr	False	Pending
chr6-122781239-122781240-C-G	330.FABP7.ENST00000356535.4.missense.132P/A		15	FABP7	P132A	1	PFFLVFFSSAHTSHL	ENST00000356535.4	False	False	1	DRB1*04:05	10	None	15	15	33.080	25.815	1.350	0.415	0.720	0.255	NA	NA	8.790	7.280	0.317	0.000	0.000	0.000	0.362	NoExpr	False	Pending
chr17-3433668-3433669-G-T	728.OR1E2.ENST00000248384.1.missense.58P/H		15	OR1E2	P58H	1	HTHVYLFLSNLSFSD	ENST00000248384.1	True	True	NA	DRB1*04:05	3	None	15	15	34.695	33.580	1.415	1.200	0.535	0.515	NA	NA	7.260	6.010	0.000	0.000	0.000	2.000	0.312	NoExpr	False	Pending
chr19-8955983-8955984-G-A	786.MUC16.ENST00000397910.8.missense.6929S/F	4	15	MUC16	S6929F	1	TTVFTSMSVSSETT	ENST00000397910.8	False	True	5	DRB1*04:05	4	None	15	15	57.480	1299.050	0.648	33.000	1.390	35.500	NA	NA	0.168	27.400	0.003	0.000	0.000	0.000	0.471	NoExpr	False	Pending
chr7-117548739-117548740-G-T	381.CFTR.ENST00000003084.11.missense.437G/C		15	CFTR	G437C	1	FSNFSLLCTPVLKDI	ENST00000003084.11	True	True	1	DRB1*04:05	8	8	15	15	43.275	30.830	1.800	2.780	1.075	0.775	NA	NA	9.880	5.395	1.844	0.000	0.000	0.000	0.116	NoExpr	False	Pending
chr11-63290369-63290370-G-A	557.SLC22A10.ENST00000332793.11.missense.69E/K		15	SLC22A10	E69K	2	LSKDALLRISIPLDSN	ENST00000332793.11	True	True	1	DRB1*04:05	3	None	15	15	56.015	76.690	1.450	1.800	1.075	1.500	NA	NA	2.840	2.940	0.070	0.000	0.000	0.000	0.553	NoExpr	False	Pending
chr11-64593669-64593670-G-C	568.SLC22A12.ENST00000377574.6.missense.233V/L		15	SLC22A12	V233L	3	ARPLLMTLNSLGFSF	ENST00000377574.6	True	True	1	DRB1*04:05	5	None	15	15	41.495	58.720	2.450	3.100	1.005	2.110	NA	NA	11.365	7.280	0.000	0.000	0.000	0.000	0.155	NoExpr	False	Pending
chr2-26458127-26458128-A-G	105.OTOF.ENST00000339598.8.missense.1202I/T		15	OTOF	I1202T	2	TRYKWLIIKTVLA	ENST00000339598.8	False	False	1	DRB1*04:05	10	None	15	15	106.395	190.485	2.115	6.795	1.900	4.200	NA	NA	3.515	17.350	0.281	0.000	0.000	0.000	0.995	NoExpr	False	Pending
chr2-110933496-110933497-G-A	138.ACOXL.ENST00000439055.6.missense.305G/E	15	9	ACOXL	G305E	3	FVSRYAEALLDEDV	ENST00000439055.6	True	True	2	DQA1*03:03-DQB1*03:02	7	None	15	15	167.110	143.530	0.150	0.090	0.090	0.050	NA	NA	1.500	0.570	0.188	0.000	0.000	2.000	1.000	NoExpr	False	Pending
chr14-91235009-91235029-GGTACAGCTCATCGAGGAGTT-G	644.GPR68.ENST00000650645.1.FS.8-14GGTACAGCTCATCGAGGAGTT/G		15	GPR68	FS8-14	3	RPLLHLLAALLAA	ENST00000650645.1	True	True	NA	DRB1*04:05	NA	None	15	15	54.175	NA	4.040	NA	1.855	NA	NA	NA	26.600	NA	0.177	0.000	0.000	34.000	0.093	NoExpr	True	Pending
chr19-50625545-50625546-G-A	810.SYT3.ENST00000600079.6.missense.474S/F		15	SYT3	S474F	3	DPYVKAFLISEGRRL	ENST00000600079.6	True	True	1	DRB1*04:05	7	None	15	15	72.205	224.465	3.550	11.450	2.550	11.450	NA	NA	13.900	12.500	0.000	0.000	0.000	0.000	0.540	NoExpr	False	Pending
chr6-47000271-47000272-C-T	317.ADGRF1.ENST00000371253.7.missense.895G/R		15	ADGRF1	G895R	2	GHYAFSHTRDSSDN	ENST00000371253.7	True	True	1	DRB1*04:05	9	None	15	15	138.335	422.215	2.350	10.050	5.225	12.730	NA	NA	1.480	1.501	0.655	0.000	0.000	0.000	0.491	NoExpr	False	Pending
chr3-38698510-38698511-G-A	189.SCN10A.ENST00000449082.3.missense.1570T/M		15	SCN10A	T1570M	3	AILKSLQSYFSPMLF	ENST00000449082.3	True	True	1	DRB1*04:05	13	None	15	15	89.345	92.835	4.290	4.660	2.650	3.450	NA	NA	26.500	24.000	0.004	0.000	0.000	0.000	0.273	NoExpr	False	Pending
chr10-115241629-115241630-G-A	494.ATRNL1.ENST00000355044.8.missense.531G/E	4	15	ATRNL1	G531E	1	FARYLHSAVLINEAM	ENST00000355044.8	True	True	1	DRB1*04:05	13	None	15	15	78.565	107.785	4.615	6.100	2.640	3.250	NA	NA	9.400	9.900	0.262	0.000	0.000	0.000	0.443	NoExpr	False	Pending
chr11-70087776-70087777-C-T	571.ANO1.ENST00000355303.10.missense.45P/L	5	15	ANO1	P45L	2	GTLLNSLSVDLDAE	ENST00000355303.10	True	True	1	DRB1*04:05	11	None	15	15	126.600	112.600	3.300	3.205	4.400	3.700	NA	NA	1.743	1.480	0.764	0.000	0.000	0.000	0.187	NoExpr	False	Pending
chr8-132948805-132948806-C-G	442.TG.ENST00000220616.9.missense.1755P/R		15	TG	P1755R	1	GAIICGLLSSRSVLL	ENST00000220616.9	True	True	1	DRB1*04:05	11	5	15	15	76.505	68.120	5.400	3.150	2.380	2.455	NA	NA	36.850	35.200	0.721	0.000	0.000	0.000	0.992	NoExpr	False	Pending
chr7-132508196-132508197-C-A	390.PLXNA4.ENST00000321063.9.missense.166S/I		13	PLXNA4	S166I	4	NEIGSVFGVIVSYSNLDD	ENST00000321063.9	True	True	5	DRB1*04:05	3	None	15	13	124.220	104.625	4.535	4.150	2.485	1.570	NA	NA	18.400	18.350	0.575	0.000	0.000	2.000	0.281	NoExpr	False	Pending
chr3-58210851-58210852-G-C	199.DNASE1L3.ENST00000394549.7.missense.19L/V		15	DNASE1L3	L19V	3	LLLLLSIHSAVAMRI	ENST00000394549.7	True	True	1	DRB1*04:05	11	None	15	15	131.765	100.070	5.355	4.285	5.355	4.200	NA	NA	24.300	24.335	0.181	0.000	0.000	0.000	1.000	NoExpr	True	Pending
chr17-11784434-11784435-G-C	755.DNAH9.ENST00000262442.9.missense.2653D/H		15	DNAH9	D2653H	2	PPLIHLALAFHQKI	ENST00000262442.9	True	True	1	DRB1*04:05	5	None	15	15	134.250	832.850	5.350	26.500	4.650	19.500	NA	NA	23.750	32.000	0.061	0.000	0.000	0.000	0.349	NoExpr	False	Pending
chr2-94874875-94874876-T-A	130.TEKT4.ENST00000295201.5.missense.272C/S		15	TEKT4	C272S	1	NLRVLVDSILRDTSE	ENST00000295201.5	True	True	1	DRB1*04:05	8	None	15	15	136.850	216.315	5.840	15.950	6.400	10.650	NA	NA	5.690	20.950	0.614	0.000	0.000	0.000	0.446	NoExpr	False	Pending
chr11-123943666-123943667-G-C	574.OR6T1.ENST00000321252.3.missense.58Q/E		15	OR6T1	Q58E	1	HIEMYFFLRNFSFLE	ENST00000321252.3	True	True	NA	DRB1*04:05	3	None	15	15	91.815	91.095	7.900	6.240	2.550	2.500	NA	NA	24.600	24.600	0.000	0.000	0.000	0.000	0.448	NoExpr	False	Pending
chr5-23521053-23521054-C-G	264.PRDM9.ENST00000296682.4.missense.128S/C		11	PRDM9	S128C	1	KASFSNECSLKELSR	ENST00000296682.4	True	True	1	DRB1*04:05	8	8	15	11	193.585	145.205	4.500	3.510	7.595	6.660	NA	NA	2.530	0.228	0.024	0.000	0.000	0.000	0.417	NoExpr	False	Pending
chr4-110559663-110559664-G-C	242.ENPEP.ENST00000265162.10.missense.887R/T		15	ENPEP	R887T	1	LVNRYTLNNTNLGRIV	ENST00000265162.10	True	True	1	DRB1*04:05	10	None	15	15	217.835	1299.300	4.085	32.500	8.550	28.500	NA	NA	2.365	38.950	0.032	0.000	0.000	0.000	0.239	NoExpr	False	Pending
chr11-20638483-20638484-T-A	546.SLC6A5.ENST00000525748.6.missense.632V/E	1	15	SLC6A5	V632E	1	GGIYMFQLEDTYAAS	ENST00000525748.6	True	True	1	DRB1*04:05	9	None	15	15	129.145	143.020	7.200	6.910	6.015	6.035	NA	NA	8.640	6.910	0.006	0.000	0.000	1.000	0.452	NoExpr	False	Pending
chr1-22660990-22660991-G-A	5.C1QB.ENST00000509305.6.missense.121A/T		15	C1QB	A121T	1	KITFSATRTINVPLR	ENST00000509305.6	True	True	1	DRB1*04:05	3	None	15	15	204.700	174.600	5.945	5.895	9.250	7.450	NA	NA	5.145	5.295	0.000	0.000	0.000	0.000	0.984	NoExpr	False	Pending
chr14-94382907-94382908-C-G	650.SERPINA1.ENST00000393087.9.missense.110E/D		5	SERPINA1	E110D	10	EGLNFNLTDIPEAQI	ENST00000393087.9	True	True	1	DRB1*04:05	9	None	15	5	189.535	232.300	8.210	10.055	8.210	10.055	NA	NA	8.550	11.100	4.892	0.000	0.000	0.000	0.180	NoExpr	False	Pending
chr19-13931970-13931971-A-G	790.PODNL1.ENST00000588872.3.missense.523F/L		15	PODNL1	F523L	1	PRLRALLLRANRLHM	ENST00000588872.3	True	True	3	DRB1*04:05	7	None	15	15	138.445	132.285	9.200	12.265	5.760	5.315	NA	NA	70.100	68.450	7.123	0.000	0.000	12.000	0.142	NoExpr	False	Pending
chr3-39188114-39188115-A-T	192.XIRP1.ENST00000340369.4.missense.444L/H		15	XIRP1	L444H	2	GDVKTFKNHFETLPL	ENST00000340369.4	True	True	1	DRB1*04:05	9	None	15	15	236.115	83.445	6.300	2.720	10.000	2.720	NA	NA	4.825	3.200	0.042	0.000	0.000	0.000	0.661	NoExpr	False	Pending
chr14-23425383-23425384-T-G	624.MYH7.ENST00000355349.4.missense.774E/A		15	MYH7	E774A	1	KAGLLGLLAEMRDE	ENST00000355349.4	True	True	1	DRB1*04:05	9	None	15	15	116.150	202.200	10.100	12.450	3.800	7.750	NA	NA	20.600	21.550	0.005	0.000	0.000	0.000	0.192	NoExpr	True	Pending
chr1-203347717-203347718-G-C	68.FMOD.ENST00000354955.5.missense.185H/D		4	FMOD	H185D	2	LDDNQISRVPNNALE	ENST00000354955.5	True	True	1	DRB1*04:05	3	None	15	4	231.605	292.415	8.020	10.185	8.835	11.080	NA	NA	6.835	7.085	0.000	0.000	0.000	0.000	0.284	NoExpr	True	Pending
chr11-193734-193735-G-A	518.SCGB1C1.ENST00000342878.3.missense.27D/N		11	SCGB1C1	D27N	1	DNNEFFMDFLQTLL	ENST00000342878.3	True	True	1	DRB1*04:05	3	None	15	11	144.750	154.650	10.300	11.750	6.545	6.830	NA	NA	59.250	61.000	0.000	0.000	0.000	4.000	0.213	NoExpr	False	Pending
chr2-195816717-195816718-T-G	170.DNAH7.ENST00000312428.11.missense.3224E/A		15	DNAH7	E3224A	1	SILFFSLADLANIAPM	ENST00000312428.11	True	True	1	DRB1*04:05	14	None	15	15	288.950	194.750	6.750	5.900	7.700	6.500	NA	NA	4.500	3.700	0.478	0.000	0.000	0.000	0.167	NoExpr	False	Pending
chr10-60186848-60186849-G-T	491.ANK3.ENST00000280772.7.missense.651L/M		6	ANK3	L651M	3	KKNQMDIATTLMEY	ENST00000280772.7	True	True	1	DRB1*04:05	12	None	15	6	342.920	402.990	5.885	8.550	11.885	12.410	NA	NA	2.230	1.322	0.163	0.000	0.000	0.000	0.134	NoExpr	False	Pending
chr11-59364558-59364559-T-A	554.OR5AN1.ENST00000641998.1.missense.34V/E		15	OR5AN1	V34E	3	TIFLEIYITSLAWN	ENST00000641998.1	True	True	NA	DRB1*04:05	5	None	15	15	149.450	329.160	10.950	15.140	6.600	13.850	NA	NA	26.950	26.140	0.154	0.000	0.000	0.000	0.116	NoExpr	False	Pending
chr3-183179682-183179683-G-A	224.MCF2L2.ENST00000328913.8.missense.1039L/F		8	MCF2L2	L1039F	2	LSLAGFFQSDDSHET	ENST00000328913.8	True	True	5	DRB1*04:05	6	None	15	8	305.985	597.415	6.650	15.000	14.050	18.375	NA	NA	3.300	11.685	0.407	0.000	0.000	0.000	0.377	NoExpr	False	Pending
chr18-60371739-60371740-T-G	773.MC4R.ENST00000299766.5.missense.204M/L		15	MC4R	M204L	1	FTLLALMASLYVHM	ENST00000299766.5	True	True	NA	DRB1*04:05	3	None	15	15	164.325	226.750	10.890	11.390	7.770	7.990	NA	NA	43.890	41.890	0.000	0.000	0.000	0.000	1.000	NoExpr	False	Pending
chr6-29174125-29174126-C-T	299.OR2J2.ENST00000641417.1.missense.164T/I		10	OR2J2	T164I	2	IGFTISALHSSFIFW	ENST00000641417.1	True	True	NA	DRB1*04:05	13	None	15	10	230.005	264.740	9.395	9.480	9.350	9.480	NA	NA	30.945	26.715	0.037	0.000	0.000	0.000	0.277	NoExpr	False	Pending
chr2-222689427-222689428-G-T	179.MOGAT1.ENST00000446656.4.missense.146W/L		11	MOGAT1	W146L	1	FTSYLHVLPLLFW	ENST00000446656.4	True	True	5	DRB1*04:05	11	None	15	11	226.270	362.850	9.740	13.200	3.950	5.850	NA	NA	47.050	55.550	0.091	0.000	0.000	2.000	0.349	NoExpr	False	Pending
chr11-56542446-56542447-T-C	550.OR5M11.ENST00000528616.5.missense.271K/E		7	OR5M11	K271E	1	ESEIIAVFYTFVSPVL	ENST00000528616.5	True	True	NA	DRB1*04:05	3	None	15	7	274.350	260.400	8.275	7.825	6.905	7.485	NA	NA	24.125	23.125	0.000	0.000	0.000	0.000	0.291	NoExpr	False	Pending
chr13-37746421-37746422-C-T	612.TRPC4.ENST00000379705.8.missense.138E/K		11	TRPC4	E138K	6	QFSKFTPDITPIILA	ENST00000379705.8	True	True	1	DRB1*04:05	4	None	15	11	370.885	517.005	7.175	11.415	14.725	19.165	NA	NA	5.700	6.000	0.053	0.000	0.000	0.000	0.507	NoExpr	False	Pending
chr4-176120051-176120052-G-A	255.WDR17.ENST00000508596.6.missense.165V/I		12	WDR17	V165I	3	GKIVFGHIDGSLSI	ENST00000508596.6	True	True	1	DRB1*04:05	3	None	15	12	238.100	241.665	9.630	10.815	6.030	7.115	NA	NA	18.900	18.400	0.514	0.000	0.000	2.000	0.489	NoExpr	False	Pending
chr11-92982014-92982015-G-T	573.MTNR1B.ENST00000257068.3.missense.264W/C		15	MTNR1B	W264C	1	FVIFAICCAPLN	ENST00000257068.3	True	True	1	DRB1*04:05	8	7,8	15	15	398.250	252.700	6.900	4.940	6.275	3.590	NA	NA	47.050	38.900	0.000	0.000	0.000	0.000	0.414	NoExpr	False	Pending
chr7-87424004-87424005-A-C	360.ABCB4.ENST00000649586.2.missense.704N/K		15	ABCB4	N704K	4	VPPVSFLKVLKLKKT	ENST00000649586.2	True	True	NA	DRB1*04:05	13	None	15	15	225.590	198.315	11.500	10.050	10.100	8.400	NA	NA	16.250	17.250	0.044	0.000	0.000	0.000	0.181	NoExpr	False	Pending
chr20-59301546-59301547-G-T	837.EDN3.ENST00000337938.7.missense.64G/W		1	EDN3	G64W	6	PGEWTVAPTALQG	ENST00000337938.7	True	True	1	DRB1*04:05	4	None	15	1	645.745	11587.175	2.515	59.150	9.960	72.650	NA	NA	0.599	36.650	0.019	0.000	0.000	0.000	0.220	NoExpr	False	Pending
chr14-39247882-39247883-G-C	635.MIA2.ENST00000640607.2.missense.437D/H		6	MIA2	D437H	3	QEIETIKIIETEHQI	ENST00000640607.2	True	True	1	DRB1*04:05	13	None	15	6	448.525	404.525	7.500	13.500	17.100	16.500	NA	NA	2.195	3.955	41.150	0.000	0.000	0.000	0.984	NoExpr	False	Pending
chr6-73363141-73363172-CTTGATTCACGTGAATCGATTGGACCCTAACG-C	320.KHDC3L.ENST00000370367.4.FS.73-83CTTGATTCACGTGAATCGATTGGACCCTAACG/C		15	KHDC3L	FS73-83	1	GMSQIARLRSWYL	ENST00000370367.4	True	True	1	DRB1*04:05	NA	None	15	15	338.960	NA	9.750	NA	6.000	NA	NA	NA	36.150	NA	0.000	0.000	0.000	0.000	0.113	NoExpr	False	Pending
chr1-45058674-45058675-G-A	26.ZSWIM5.ENST00000359600.6.missense.396L/F		6	ZSWIM5	L396F	1	PRFTLWRQQGTNMTD	ENST00000359600.6	True	True	1	DRB1*04:05	3	None	15	6	244.995	352.920	12.625	16.500	12.250	16.500	NA	NA	14.625	14.625	0.606	0.000	0.000	0.000	0.354	NoExpr	False	Pending
chr19-8969814-8969831-ACGTGGAATTTCCTTGTG-A	787.MUC16.ENST00000397910.8.FS.3175-3180ACGTGGAATTTCCTTGTG/A		12	MUC16	FS3175-3180	1	KYVGYRKGLPLPIP	ENST00000397910.8	False	True	5	DRB1*04:05	NA	None	15	12	229.680	NA	13.500	NA	9.905	NA	NA	NA	40.500	NA	0.003	0.000	0.000	0.000	0.750	NoExpr	False	Pending
chr14-70060889-70060890-C-G	639.SLC8A3.ENST00000356921.7.missense.612E/Q		15	SLC8A3	E612Q	3	DEEEYERQQNFFIAL	ENST00000356921.7	True	True	1	DRB1*04:05	9	None	15	15	462.915	498.605	8.600	9.950	13.655	18.685	NA	NA	7.320	7.120	0.023	0.000	0.000	0.000	1.000	NoExpr	False	Pending
chr1-119895935-119895936-C-T	41.ADAM30.ENST00000369400.2.missense.134R/Q		7	ADAM30	R134Q	1	MGGLQGVFNIDAKHY	ENST00000369400.2	True	True	NA	DRB1*04:05	5	None	15	7	267.600	236.150	12.100	11.200	12.000	10.650	NA	NA	13.600	11.200	0.019	0.000	0.000	0.000	0.203	NoExpr	False	Pending
chr12-10159995-10159996-G-C	582.OLR1.ENST00000309539.8.missense.236Q/E		7	OLR1	Q236E	1	PHLFRVRGAVSETYP	ENST00000309539.8	True	True	1	DRB1*04:05	12	None	15	7	253.855	213.380	13.000	16.000	10.520	9.800	NA	NA	16.750	34.100	0.273	0.000	0.000	0.000	0.195	NoExpr	False	Pending
chr22-46257698-46257699-G-A	870.PKDREJ.ENST00000253255.7.missense.1875T/I		13	PKDREJ	T1875I	1	QWLYYSYGLLHIYGS	ENST00000253255.7	True	True	NA	DRB1*04:05	12	None	15	13	260.930	174.480	13.000	9.850	11.500	8.100	NA	NA	49.650	42.000	0.020	0.000	0.000	1.000	0.270	NoExpr	False	Pending
chr6-30986467-30986468-T-C	302.MUC21.ENST00000376296.3.missense.98V/A		5	MUC21	V98A	1	TASSGISIATNSESST	ENST00000376296.3	True	True	1	DQA1*03:03-DQB1*03:02	2	None	15	5	682.105	645.950	4.900	5.100	9.030	8.425	NA	NA	4.900	5.100	0.123	0.000	0.000	0.000	0.662	NoExpr	True	Pending
chr4-114833618-114833619-A-G	243.NDST4.ENST00000264363.7.missense.795S/P		3	NDST4	S795P	1	VQKFLGVTPRYNYPEAL	ENST00000264363.7	True	True	1	DRB1*04:05	14	None	15	3	272.120	245.610	15.000	16.000	11.100	9.800	NA	NA	25.950	27.950	0.003	0.000	0.000	0.000	0.187	NoExpr	False	Pending
chr11-46876561-46876562-C-T	549.LRP4.ENST00000378623.6.missense.1147R/Q		2	LRP4	R1147Q	1	RKVYWTDTGTNQIEV	ENST00000378623.6	True	True	1	DRB1*04:05	12	None	15	2	373.770	438.845	13.050	15.275	18.500	19.000	NA	NA	4.485	5.375	0.268	0.000	0.000	2.000	0.421	NoExpr	False	Pending
chr10-13481023-13481024-C-G	485.BEND7.ENST00000466271.3.missense.313R/T		3	BEND7	R313T	4	LSNYTRSGSLLFTKL	ENST00000466271.3	True	True	5	DRB1*04:05	13	None	15	3	333.285	327.710	14.525	14.525	12.400	11.850	NA	NA	16.525	14.525	0.053	0.000	0.000	0.000	1.000	NoExpr	False	Pending
chrX-32389609-32389610-C-T	889.DMD.ENST00000357033.9.missense.1470R/H		2	DMD	R1470H	3	MKFRLFQKPANFEQHLQ	ENST00000357033.9	True	True	1	DRB1*04:05	15	None	15	2	354.115	403.940	14.000	13.870	12.505	12.870	NA	NA	34.950	33.950	3.178	0.000	0.000	0.000	1.000	NoExpr	False	Pending
chr2-106830076-106830077-G-C	135.ST6GAL2.ENST00000409087.3.missense.436S/C		12	ST6GAL2	S436C	3	PSCGFIGSFVKIGHIRA	ENST00000409087.3	False	False	1	DRB1*04:05	3	3	15	12	331.335	264.720	15.550	14.550	11.795	9.875	NA	NA	29.550	18.550	0.080	0.000	0.000	1.000	0.694	NoExpr	False	Pending
chr1-37721680-37721681-G-T	17.EPHA10.ENST00000373048.9.missense.709L/M		12	EPHA10	L709M	2	HSHIVRMEGVVTRGS	ENST00000373048.9	True	True	5	DRB1*04:05	7	None	15	12	376.040	409.420	14.350	18.350	16.330	16.145	NA	NA	14.350	18.850	0.059	0.000	0.000	0.000	0.382	NoExpr	False	Pending
chr17-10499040-10499041-G-A	754.MYH1.ENST00000226207.6.missense.1306S/L			MYH1	S1306L	1	LRGKQAFTQQIEEL	ENST00000226207.6	True	True	5	DQA1*03:03-DQB1*03:02	1	None	15	0	708.000	739.260	7.200	7.300	4.390	4.675	NA	NA	21.000	20.000	0.009	0.000	0.000	0.000	0.988	NoExpr	False	Pending
chr14-26448937-26448938-G-C	627.NOVA1.ENST00000539517.7.missense.182T/R		6	NOVA1	T182R	2	ANQVKIIVPNSRAG	ENST00000539517.7	True	True	1	DRB1*04:05	12	None	15	6	372.080	392.800	16.000	11.350	13.500	15.000	NA	NA	27.300	11.350	0.694	0.000	0.000	2.000	0.462	NoExpr	False	Pending
chr4-121932625-121932626-C-A	245.TRPC3.ENST00000379645.8.missense.211C/F		5	TRPC3	C211F	3	AASKRLTLSPFEQE	ENST00000379645.8	True	True	1	DRB1*04:05	11	None	15	5	302.730	812.010	22.500	37.800	11.150	21.865	NA	NA	46.100	46.300	0.068	0.000	0.000	0.000	0.300	NoExpr	False	Pending
chr5-141123692-141123693-G-C	273.PCDHB4.ENST00000194152.4.missense.565Q/H		2	PCDHB4	Q565H	1	SPFVLYPLHNGSAP	ENST00000194152.4	True	True	NA	DRB1*04:05	9	None	15	2	605.315	304.510	11.000	7.000	16.000	7.000	NA	NA	8.700	7.550	1.436	0.000	0.000	20.000	0.307	NoExpr	False	Pending
chr11-124319973-124319974-G-A	575.OR8D2.ENST00000624618.2.missense.75S/F		3	OR8D2	S75F	1	YSFVITPKMLVNF	ENST00000624618.2	True	True	NA	DRB1*04:05	3	None	15	3	535.705	1144.405	13.400	17.400	6.415	13.500	NA	NA	25.700	45.900	0.000	0.000	0.000	0.000	1.000	NoExpr	False	Pending
chr6-43283594-43283595-A-T	310.TTBK1.ENST00000259750.9.missense.952E/V			TTBK1	E952V	1	VEFSAGGELGLELA	ENST00000259750.9	True	True	1	DQA1*03:03-DQB1*03:02	1	None	15	0	797.205	795.995	9.700	9.500	5.610	5.575	NA	NA	28.000	24.000	0.015	0.000	0.000	0.000	0.267	NoExpr	False	Pending
chr2-201835739-201835740-A-C	175.CDK15.ENST00000652192.3.missense.276E/D			CDK15	E276D	5	PDALLGATDYSSELDI	ENST00000652192.3	True	True	NA	DQA1*03:03-DQB1*03:02	9	None	15	0	763.870	784.015	10.000	13.000	7.585	8.670	NA	NA	17.000	18.000	0.204	0.000	0.000	0.000	0.574	NoExpr	False	Pending
chr6-73363176-73363177-AG-A	321.KHDC3L.ENST00000370367.4.FS.84AG/A		8	KHDC3L	FS84	1	SQILIHVNRLDPNGELR	ENST00000370367.4	True	True	1	DRB1*04:05	16, 17	None	15	8	490.005	518.510	17.350	16.850	21.000	21.500	NA	NA	13.350	11.600	0.000	0.000	0.000	0.000	0.085	NoExpr	False	Pending
chr6-55351464-55351465-G-C	318.GFRAL.ENST00000340465.2.missense.195D/H		1	GFRAL	D195H	1	PFNIAQMLAFCDCAQSH	ENST00000340465.2	True	True	1	DRB1*04:05	17	11,13	15	1	503.960	697.415	18.320	21.350	15.320	17.500	NA	NA	42.350	41.850	0.013	0.000	0.000	0.000	0.511	NoExpr	False	Pending
chr9-113369791-113369792-G-A	463.BSPRY.ENST00000374183.5.missense.287A/T			BSPRY	A287T	1	QNGLHTWMVNVQNS	ENST00000374183.5	True	True	1	DQA1*03:03-DQB1*03:02	6	None	15	0	975.560	813.965	9.700	8.100	7.310	5.485	NA	NA	18.000	23.000	0.090	0.000	0.000	0.000	0.537	NoExpr	False	Pending
chr20-2312957-2312958-C-T	815.TGM3.ENST00000381458.6.missense.201R/C		2	TGM3	R201C	2	ICLSILDRSLNFRC	ENST00000381458.6	True	True	1	DRB1*04:05	14	2,14	15	2	504.805	595.845	20.100	20.380	15.100	18.380	NA	NA	73.900	72.900	0.000	0.000	0.000	0.000	0.650	NoExpr	False	Pending
chr16-25221522-25221523-G-C	715.AQP8.ENST00000219660.6.missense.109M/I		3	AQP8	M109I	2	GLNLVILLPYWVSQL	ENST00000219660.6	True	True	1	DRB1*04:05	6	None	15	3	465.520	368.570	25.650	24.200	19.750	16.000	NA	NA	53.650	52.700	0.000	0.000	0.000	0.000	0.247	NoExpr	False	Pending
chr2-227893862-227893863-C-T	180.DAW1.ENST00000309931.3.missense.129T/M		1	DAW1	T129M	1	KLWDTASGEELNMLEG	ENST00000309931.3	True	True	1	DQA1*03:03-DQB1*03:02	13	None	15	1	997.910	1143.220	11.000	16.000	10.180	13.095	NA	NA	22.000	23.000	0.488	0.000	0.000	0.000	0.336	NoExpr	False	Pending
chr11-58190707-58190708-A-T	551.OR9Q2.ENST00000641291.1.missense.73Y/F	1	9	OR9Q2	Y73F	1	FSSAIIPQMLAVLWEH	ENST00000641291.1	True	True	NA	DQA1*03:03-DQB1*03:02	1	None	15	9	768.645	831.820	15.000	16.000	9.260	10.080	NA	NA	53.000	52.000	0.008	0.000	0.000	0.000	0.514	NoExpr	True	Pending
chr5-136274698-136274699-C-T	272.TRPC7.ENST00000513104.6.missense.368A/T			TRPC7	A368T	2	IGLPFLAITYWIA	ENST00000513104.6	True	True	5	DRB1*04:05	9	None	15	0	541.150	901.150	23.000	28.000	14.500	22.500	NA	NA	54.900	61.250	0.005	0.000	0.000	0.000	0.366	NoExpr	False	Pending
chrX-7843975-7843976-C-T	884.VCX.ENST00000688183.1.missense.194P/L			VCX	P194L	4	EEPLSQESQVEEPLSQE	ENST00000688183.1	True	True	NA	DQA1*03:03-DQB1*03:02	14	None	15	0	1500.445	1962.565	9.260	13.530	15.630	21.265	NA	NA	9.100	12.000	0.000	0.000	0.000	0.000	1.000	NoExpr	True	Pending
chr5-115130597-115130604-ACTAACTG-A	266.TRIM36.ENST00000513154.6.FS.595-597ACTAACTG/A			TRIM36	FS595-597	3	QDMSKTVGMTVEVRMP	ENST00000513154.6	True	True	2	DQA1*03:03-DQB1*03:02	NA	None	15	0	1122.015	NA	12.000	NA	11.720	NA	NA	NA	31.000	NA	1.136	0.000	0.000	0.000	0.920	NoExpr	False	Pending
chr15-44767453-44767453-T-TC	680.TRIM69.ENST00000329464.9.FS.395T/TC			TRIM69	FS395	6	KTKWTVGVVQRIHHS	ENST00000329464.9	True	True	1	DRB1*04:05	10, 11, 12, 13, 14, 15	None	15	0	638.915	1410.250	26.250	27.795	28.500	34.695	NA	NA	21.250	24.600	21.208	0.000	0.000	4.000	0.324	NoExpr	False	Pending
chr14-94463231-94463232-G-T	666.SERPINA9.ENST00000674397.2.missense.372T/N			SERPINA9	T372N	7	NKFIVRSKDGPSYF	ENST00000674397.2	True	True	NA	DRB1*04:05	1	None	15	0	1140.100	1064.765	15.490	16.610	24.000	24.110	NA	NA	6.255	6.405	0.035	0.000	0.000	0.000	0.461	NoExpr	False	Pending
chr1-160876800-160876801-C-T	59.ITLN1.ENST00000326245.4.missense.269G/R		1	ITLN1	G269R	1	GGRGYFPEASPQQ	ENST00000326245.4	True	True	1	DRB1*04:05	3	None	15	1	1924.550	3354.760	12.050	15.500	24.945	31.870	NA	NA	3.040	3.090	0.000	0.000	0.000	0.000	0.250	NoExpr	False	Pending
chr13-25541936-25541937-G-C	591.ATP8A2.ENST00000381655.7.missense.224D/H			ATP8A2	D224H	3	GLSHTALMQTREVLM	ENST00000381655.7	True	True	1	DRB1*04:05	7	None	15	0	810.830	2637.985	34.000	60.500	31.000	60.500	NA	NA	63.150	61.400	0.145	0.000	0.000	0.000	0.304	NoExpr	False	Pending
chr13-25541937-25541938-A-T	603.ATP8A2.ENST00000381655.7.missense.224D/V			ATP8A2	D224V	3	GLSHTALMQTREVLM	ENST00000381655.7	True	True	1	DRB1*04:05	7	None	15	0	810.830	2637.985	34.000	60.500	31.000	60.500	NA	NA	63.150	61.400	0.145	0.000	0.000	0.000	0.306	NoExpr	False	Pending
chr6-10801907-10801908-C-G	292.MAK.ENST00000354489.7.missense.272R/P			MAK	R272P	5	IQLMTEMLNWDPKKP	ENST00000354489.7	True	True	5	DRB1*04:05	15	None	15	0	872.900	535.515	31.000	21.500	31.000	21.500	NA	NA	29.850	30.350	0.038	0.000	0.000	1.000	0.323	NoExpr	False	Pending
chr8-23368189-23368210-TGGCCACGTTGGCGGGGGCCTG-T	400.LOXL2.ENST00000389131.8.inframe_del.48-54QAPANVA/-			LOXL2	QAPANVA48-54-	1	YPEYFQQPAPEYHQPK	ENST00000389131.8	True	True	1	DRB1*04:05	16	None	15	0	1221.010	1228.820	22.100	22.615	35.500	35.500	NA	NA	12.600	12.600	102.877	0.000	0.000	110.000	0.706	NoExpr	False	Pending
chr15-94399982-94399983-G-T	706.MCTP2.ENST00000357742.10.missense.651K/N			MCTP2	K651N	3	REKRFVEDSRNLSKK	ENST00000357742.10	True	True	1	DRB1*04:05	11	None	15	0	975.300	2483.105	30.000	56.050	33.500	60.000	NA	NA	23.000	43.050	0.138	0.000	0.000	0.000	0.203	NoExpr	False	Pending
chr15-44767434-44767452-AAATGGACAGTTGGAGTTG-A	674.TRIM69.ENST00000329464.9.inframe_del.389-395KWTVGVV/I			TRIM69	KWTVGVV389-395I	6	GKWYWEVEVAKKTI	ENST00000329464.9	True	True	1	DRB1*04:05	14	None	15	0	1406.630	1246.045	24.230	19.890	28.230	28.000	NA	NA	11.705	9.205	21.208	0.000	0.000	3.000	0.299	NoExpr	False	Pending
chr19-38802098-38802099-G-A	807.LGALS4.ENST00000307751.9.missense.240R/C			LGALS4	R240C	1	FKVGSSGDIALHINPC	ENST00000307751.9	True	True	1	DQA1*03:03-DQB1*03:02	16	16	15	0	1996.490	7418.050	22.000	20.000	21.695	41.325	NA	NA	33.000	18.000	0.232	0.000	0.000	0.000	1.000	NoExpr	False	Pending
chr8-123220221-123220221-A-AGGGCTAC	423.C8orf76.ENST00000276704.6.FS.342A/AGGGCTAC			C8orf76	FS342	1	PEVKCVGSVARSPDC	ENST00000276704.6	True	True	1	DRB1*04:05	11, 12, 13, 14, 15	5,15	15	0	1156.305	689.960	41.200	30.950	33.500	28.500	NA	NA	49.700	48.950	45.915	0.000	0.000	344.000	0.724	NoExpr	False	Pending
chr2-160107761-160107762-T-A	140.ITGB6.ENST00000283249.7.missense.729I/F		15	ITGB6	I729F	5	FWKLLVSFHDRKEVA	ENST00000283249.7	True	True	1	DQA1*03:03-DQB1*03:02	1	None	15	15	2264.505	2606.650	23.000	22.000	23.230	26.005	NA	NA	23.000	22.000	0.093	0.000	0.000	0.000	0.225	NoExpr	False	Pending
chrX-141003559-141003560-C-G	943.SPANXB1.ENST00000449283.2.missense.74L/V			SPANXB1	L74V	1	RNVKRTSPEELVND	ENST00000449283.2	True	True	1	DQA1*03:03-DQB1*03:02	12	None	15	0	2879.630	2759.185	21.750	20.460	27.375	26.230	NA	NA	9.400	14.000	0.000	0.000	0.000	0.000	0.830	NoExpr	True	Pending
chr7-151181249-151181250-C-T	397.ASB10.ENST00000420175.3.missense.265D/N			ASB10	D265N	3	QSITNAEATTAR	ENST00000420175.3	True	True	1	DQA1*03:03-DQB1*03:02	5	None	15	0	4004.025	4066.205	19.120	25.620	25.560	25.810	NA	NA	11.000	8.800	0.000	0.000	0.000	0.000	0.153	NoExpr	False	Pending
chr17-41771694-41771736-GTGTACTGGCGCCCGCAGGCCTCATCCTCCTCCATGATGCCCT-G	760.JUP.ENST00000393931.8.inframe_del.40-54KGIMEEDEACGRQYT/T			JUP	KGIMEEDEACGRQYT40-54T	3	STLKKTTTYTQGVPP	ENST00000393931.8	True	True	1	DRB1*04:05	1	None	15	0	1818.895	1228.275	31.140	27.880	40.640	34.500	NA	NA	17.200	19.700	7.210	0.000	0.000	5.000	0.224	NoExpr	False	Pending
chr6-29374537-29374538-G-C	300.OR12D3.ENST00000396806.3.missense.250F/L		10	OR12D3	F250L	1	LLYGPVGFTYIRPASA	ENST00000396806.3	True	True	NA	DQA1*03:03-DQB1*03:02	2	None	15	10	2463.570	2367.390	27.000	26.000	28.230	27.210	NA	NA	27.000	26.000	0.006	0.000	0.000	0.000	0.398	NoExpr	False	Pending
chr1-16006133-16006134-G-T	1.SRARP.ENST00000329454.2.missense.100G/W			SRARP	G100W	1	WPHLTRVTPMGWG	ENST00000329454.2	True	True	1	DRB1*04:05	12	None	15	0	1492.220	3575.690	45.000	33.000	28.855	42.110	NA	NA	77.150	28.700	0.082	0.000	0.000	0.000	1.000	NoExpr	False	Pending
chr1-207623001-207623002-C-G	76.CR1.ENST00000367049.9.missense.2429S/C			CR1	S2429C	5	CGTIFFILLIIFLSW	ENST00000367049.9	True	True	5	DRB1*04:05	1	1	15	0	1456.260	1511.305	46.700	46.700	39.435	40.010	NA	NA	53.700	53.700	0.135	0.000	0.000	0.000	0.285	NoExpr	False	Pending
chr17-78484882-78484883-A-T	762.DNAH17.ENST00000389840.7.missense.2545M/K			DNAH17	M2545K	1	DKYGTVAPHTLIRQHK	ENST00000389840.7	True	True	5	DQA1*03:03-DQB1*03:02	16	None	15	0	3873.065	4019.445	26.890	29.500	45.945	46.250	NA	NA	23.000	23.000	0.134	0.000	0.000	2.000	0.232	NoExpr	False	Pending
chr1-196995755-196995756-A-G	67.CFHR5.ENST00000256785.5.missense.216N/S			CFHR5	N216S	1	PQLSSGEVKEIRKE	ENST00000256785.5	True	True	1	DQA1*03:03-DQB1*03:02	5	None	15	0	3885.515	6409.745	27.000	55.000	36.970	52.860	NA	NA	27.000	55.000	0.000	0.000	0.000	0.000	0.287	NoExpr	False	Pending
chr15-84036950-84036951-A-T	704.ADAMTSL3.ENST00000286744.10.missense.1645I/F			ADAMTSL3	I1645F	2	PFSWRHCLGPSCDRD	ENST00000286744.10	True	True	1	DRB1*04:05	2	7,12	15	0	1600.890	1663.035	55.500	54.000	36.500	37.435	NA	NA	55.950	54.450	2.043	0.000	0.000	0.000	0.366	NoExpr	False	Pending
chr1-204986102-204986103-C-G	74.NFASC.ENST00000513543.6.missense.923T/S			NFASC	T923S	4	PRSETKEFTSPEGVPS	ENST00000513543.6	False	False	1	DQA1*03:03-DQB1*03:02	10	None	15	0	3424.990	3192.055	28.440	26.890	40.220	37.945	NA	NA	28.000	21.000	0.974	0.000	0.000	0.000	0.596	NoExpr	False	Pending
chr3-122927970-122927971-G-C	206.SEMA5B.ENST00000357599.8.missense.223I/M			SEMA5B	I223M	6	SRQVGNLSRTIEKMN	ENST00000357599.8	True	True	1	DRB1*04:05	14	None	15	0	2192.495	2493.775	46.150	48.150	55.000	58.000	NA	NA	46.150	46.150	0.169	0.000	0.000	0.000	1.000	NoExpr	False	Pending
chr21-43172070-43172071-G-C	845.CRYAA.ENST00000291554.6.missense.105D/H			CRYAA	D105H	3	DDFVEIHGKHNERQH	ENST00000291554.6	True	True	1	DRB1*04:05	15	None	15	0	2632.390	3370.705	40.775	46.380	61.500	61.500	NA	NA	18.200	17.700	0.000	0.000	0.000	0.000	0.540	NoExpr	False	Pending
chr4-5988666-5988667-T-A	233.C4orf50.ENST00000531445.3.missense.1127M/L			C4orf50	M1127L	1	GKAKLHALDKEVQV	ENST00000531445.3	False	True	5	DQA1*03:03-DQB1*03:02	5	None	15	0	3236.250	3238.970	36.000	37.000	32.360	32.125	NA	NA	36.000	37.000	0.025	0.000	0.000	0.000	0.946	NoExpr	False	Pending
chr7-122013415-122013416-A-G	382.PTPRZ1.ENST00000393386.7.missense.1457N/S			PTPRZ1	N1457S	7	SQEKVMSDSDTHENS	ENST00000393386.7	True	True	1	DRB1*04:05	7	None	15	0	2930.145	3653.430	41.410	47.240	55.500	62.500	NA	NA	6.665	6.390	0.909	0.000	0.000	0.000	0.241	NoExpr	False	Pending
chr14-24068642-24068643-G-A	625.CARMIL3.ENST00000342740.6.missense.1248E/K			CARMIL3	E1248K	1	KEEKEGTLFPERTLPA	ENST00000342740.6	True	True	5	DQA1*03:03-DQB1*03:02	1	None	6	0	5743.505	4790.650	31.000	30.000	41.685	38.165	NA	NA	14.000	13.000	1.601	0.000	0.000	25.000	0.185	NoExpr	False	Pending
chr7-47833094-47833095-G-A	344.PKD1L1.ENST00000289672.7.missense.2111T/I			PKD1L1	T2111I	3	IQAPSSGLEGLMPQWS	ENST00000289672.7	True	True	1	DQA1*03:03-DQB1*03:02	1	None	9	0	3840.000	2919.635	39.360	30.590	33.680	29.795	NA	NA	55.000	54.000	0.696	0.000	0.000	0.000	0.322	NoExpr	False	Pending
chr1-66834005-66834006-C-G	36.DNAI4.ENST00000371026.8.missense.626G/R			DNAI4	G626R	1	ADGRISKWVIRKRLD	ENST00000371026.8	True	True	1	DRB1*04:05	13	None	15	0	2475.840	2734.175	70.000	54.400	58.500	60.500	NA	NA	83.800	44.400	7.011	0.000	0.000	0.000	0.605	NoExpr	False	Pending
chr3-52517959-52517960-A-C	196.STAB1.ENST00000321725.10.missense.1573H/P			STAB1	H1573P	1	PTVGDGLTCRARVGLELL	ENST00000321725.10	True	True	1	DQA1*03:03-DQB1*03:02	1	9	4	0	3208.040	3191.360	63.000	63.000	37.950	37.930	NA	NA	89.000	89.000	0.090	0.000	0.000	0.000	1.000	NoExpr	False	Pending
chr7-39339738-39339739-G-C	343.POU6F2.ENST00000518318.7.missense.232Q/H			POU6F2	Q232H	1	HHPQPAPQAPSQSQQQ	ENST00000518318.7	True	True	1	DQA1*03:03-DQB1*03:02	1	None	1	0	8678.700	9236.325	45.520	49.510	67.760	69.755	NA	NA	33.000	33.000	0.273	0.000	0.000	0.000	0.299	NoExpr	False	Pending
chr1-59858482-59858483-C-T	33.HOOK1.ENST00000371208.5.missense.433S/L		2	HOOK1	S433L	2	LQVQQDHLNQTDASA	ENST00000371208.5	True	True	1	DQA1*03:03-DQB1*03:02	1	None	15	2	6903.370	8476.995	50.000	52.810	55.680	60.905	NA	NA	50.000	46.000	0.230	0.000	0.000	0.000	0.394	NoExpr	False	Pending
chr21-30755335-30755336-C-T	844.KRTAP21-1.ENST00000335093.5.missense.15G/S			KRTAP21-1	G15S	1	MCCNYYGNSCGYGSS	ENST00000335093.5	True	True	NA	DRB1*04:05	15	2,3,10	3	0	4139.670	5330.160	63.500	66.500	63.500	66.500	NA	NA	67.050	66.050	0.000	0.000	0.000	0.000	0.470	NoExpr	True	Pending
chr3-44242057-44242058-G-A	194.TOPAZ1.ENST00000309765.4.missense.2R/Q			TOPAZ1	R2Q	1	QRPPPLGPTTASGPEGNV	ENST00000309765.4	True	True	5	DQA1*03:03-DQB1*03:02	1	None	1	0	9091.760	9719.110	59.000	59.000	68.615	70.640	NA	NA	59.000	59.000	0.005	0.000	0.000	0.000	0.307	NoExpr	False	Pending
chr6-32223881-32223881-T-TAGCAGC	307.NOTCH4.ENST00000375023.3.inframe_ins.16L/LLL			NOTCH4	L16LLL	1	PPSLLLLLLLLLLLL	ENST00000375023.3	True	True	1	DRB1*04:05	15	None	5	0	5467.335	7093.160	88.200	88.700	61.590	68.980	NA	NA	92.200	92.200	1.260	0.000	0.000	0.000	0.187	NoExpr	False	Pending
chr22-37723212-37723213-GA-G	858.TRIOBP.ENST00000644935.1.FS.219GA/G			TRIOBP	FS219	1	GGRSAGSTGQGSGE	ENST00000644935.1	True	True	NA	DQA1*03:03-DQB1*03:02	NA	None	1	0	9350.710	NA	61.000	NA	63.305	NA	NA	NA	61.000	NA	35.473	0.000	0.000	5.000	0.289	NoExpr	False	Pending
chr21-44330789-44330813-AGGCAGCCGCGGCCCCTAGCGGCCC-A	848.CFAP410.ENST00000397956.7.inframe_del.217-224GPLGAAAA/-			CFAP410	GPLGAAAA217-224-	1	DASSSHRGRVSGS	ENST00000397956.7	False	False	1	DQA1*03:03-DQB1*03:02	13	None	1	0	11563.175	14883.215	70.000	77.000	65.705	73.965	NA	NA	70.000	77.000	6.570	0.000	0.000	18.000	0.376	NoExpr	False	Pending
chr8-138737576-138737577-C-A	443.COL22A1.ENST00000303045.11.missense.696G/W			COL22A1	G696W	1	LQGLRWKKGDMGPPG	ENST00000303045.11	True	True	1	DRB1*04:05	6	None	1	0	9877.265	15334.520	80.000	85.750	88.500	94.000	NA	NA	59.500	60.750	0.308	0.000	0.000	2.000	0.200	NoExpr	False	Pending
chr9-138120681-138120682-G-A	482.CACNA1B.ENST00000371372.6.missense.2097G/D			CACNA1B	G2097D	1	APSSAVGPGLPPGEGPTD	ENST00000371372.6	True	True	5	DQA1*03:03-DQB1*03:02	18	None	1	0	14640.900	17203.300	72.480	80.960	81.740	85.980	NA	NA	68.000	68.000	0.154	0.000	0.000	0.000	0.276	NoExpr	False	Pending
