ID	Index	A*29:02	B*45:01	B*82:02	C*06:02	Gene	AA Change	Num Passing Transcripts	Best Peptide	Best Transcript	MANE Select	Canonical	TSL	Allele	Pos	Prob Pos	Num Included Peptides	Num Passing Peptides	IC50 MT	IC50 WT	%ile MT	%ile WT	IC50 %ile MT	IC50 %ile WT	IM %ile MT	IM %ile WT	Pres %ile MT	Pres %ile WT	RNA Expr	RNA VAF	Allele Expr	RNA Depth	DNA VAF	Tier	Ref Match	Evaluation
chr1-154590262-154590263-T-A	45.ADAR.ENST00000368474.9.missense.806E/V		5			ADAR	E806V	14	AERMGFTVV	ENST00000368474.9	True	True	1	HLA-B*45:01	8	None	14	5	76.110	61.796	0.072	0.077	0.072	0.077	1.627	1.508	0.094	0.067	131.835	0.348	45.879	1233.000	0.302	Pass	False	Pending
chr2-47806319-47806320-G-A	108.MSH6.ENST00000234420.11.missense.1255D/N	3	1			MSH6	D1255N	6	VENYSQNVA	ENST00000234420.11	True	True	1	HLA-B*45:01	3	None	7	4	66.513	332.806	0.125	0.265	0.088	0.274	0.906	0.218	0.180	0.250	48.832	0.338	16.505	352.000	0.318	Pass	False	Pending
chr6-157133135-157133136-G-C	334.ARID1B.ENST00000636930.2.missense.897G/A			1		ARID1B	G897A	6	SPGGQMHAA	ENST00000636930.2	True	True	2	HLA-B*82:02	9	None	4	1	345.587	6116.264	0.364	4.052	0.365	3.194	0.416	29.077	0.326	15.643	39.757	1.000	39.757	163.000	1.000	Pass	False	Pending
chr19-57397065-57397066-G-T	811.ZNF548.ENST00000336128.12.missense.24D/Y	5				ZNF548	D24Y	4	VVFEYVAIY	ENST00000336128.12	True	True	2	HLA-A*29:02	5	None	15	5	41.063	75.492	0.096	0.147	0.064	0.147	0.074	0.170	0.122	0.208	13.433	0.378	5.078	127.000	0.468	Pass	False	Pending
chr13-113425167-113425168-G-T	623.ADPRHL1.ENST00000612156.3.missense.220H/N	3	1			ADPRHL1	H220N	3	QENWFYFEA	ENST00000612156.3	True	True	5	HLA-B*45:01	3	None	15	4	11.080	11.608	0.004	0.005	0.002	0.005	0.001	0.000	0.060	0.038	2.743	0.917	2.515	24.000	0.517	Pass	False	Pending
chrX-78015862-78015863-G-C	929.ATP7A.ENST00000341514.11.missense.870D/H		1			ATP7A	D870H	11	HESLITGEA	ENST00000341514.11	True	True	1	HLA-B*45:01	1	None	6	1	164.310	360.223	0.166	0.397	0.219	0.376	0.424	21.519	0.090	0.797	5.153	0.951	4.901	41.000	0.982	Pass	False	Pending
chr11-62752450-62752451-G-A	555.ZBTB3.ENST00000394807.5.missense.405S/F	1				ZBTB3	S405F	2	EPLYLSFEY	ENST00000394807.5	True	True	1	HLA-A*29:02	7	None	10	1	382.420	2333.530	1.090	2.408	1.090	2.408	1.543	6.621	0.809	1.504	13.703	0.601	8.236	148.000	0.670	Pass	False	Pending
chr6-70190343-70190344-G-C	319.COL19A1.ENST00000620364.5.missense.1019K/N	1				COL19A1	K1019N	1	VSFEEINKY	ENST00000620364.5	True	True	1	HLA-A*29:02	7	None	8	1	536.891	1078.039	0.830	1.532	1.195	1.532	1.164	2.186	0.412	0.651	10.708	0.269	2.880	52.000	0.255	Pass	False	Pending
chr18-80136551-80136552-C-T	774.ADNP2.ENST00000262198.9.missense.380P/L					ADNP2	P380L	1	LPLSQPVGL	ENST00000262198.9	True	True	1	HLA-B*82:02	9	None	3	0	699.460	9637.990	0.329	9.970	0.310	9.970	1.540	30.014	1.094	11.304	19.521	1.000	19.521	143.000	0.932	PoorBinder	False	Pending
chr16-2295600-2295601-C-G	711.ABCA3.ENST00000301732.10.missense.801E/D					ABCA3	E801D	2	LPRDSTHRF	ENST00000301732.10	True	True	1	HLA-B*82:02	4	None	5	0	572.913	622.092	0.362	0.322	0.449	0.387	0.628	0.776	0.160	0.156	6.120	0.628	3.843	86.000	0.578	PoorBinder	False	Pending
chr1-36179727-36179728-G-A	16.MAP7D1.ENST00000474796.2.missense.764E/K					MAP7D1	E764K	4	KPIPQEPQWSL	ENST00000474796.2	True	True	2	HLA-B*82:02	1	None	4	0	1569.590	733.791	0.791	0.880	0.982	0.441	1.744	4.418	0.260	3.098	93.193	0.326	30.381	1643.000	0.309	PoorBinder	False	Pending
chr5-134893641-134893642-T-C	269.TXNDC15.ENST00000358387.9.missense.248S/P					TXNDC15	S248P	1	APQHSSLSTRF	ENST00000358387.9	True	True	1	HLA-B*82:02	2	None	3	0	1807.730	24218.041	0.998	18.459	1.304	26.565	1.218	11.600	0.964	10.131	42.950	0.996	42.778	447.000	0.993	PoorBinder	False	Pending
chr15-100900576-100900577-G-T	709.ALDH1A3.ENST00000329841.10.missense.296D/Y	2				ALDH1A3	D296Y	2	ADADLYLAV	ENST00000329841.10	True	True	1	HLA-B*45:01	6	None	7	2	1183.225	2722.001	1.122	2.138	1.229	2.138	0.399	4.246	1.170	2.029	15.852	0.542	8.592	153.000	0.359	PoorBinder	False	Pending
chr18-14106118-14106119-G-C	768.ZNF519.ENST00000590202.3.missense.141P/A			1		ZNF519	P141A	1	AMNKYQHKF	ENST00000590202.3	True	True	1	HLA-A*29:02	1	None	7	1	1342.785	3172.260	1.636	4.128	1.638	2.976	1.960	9.095	0.549	3.615	8.050	0.350	2.817	20.000	0.453	PoorBinder	False	Pending
chr1-36179726-36179728-GG-AA	12.MAP7D1.ENST00000474796.2.missense.763-764EE/EK					MAP7D1	EE763-764EK	4	KPIPQEPQWSL	ENST00000474796.2	True	True	2	HLA-B*82:02	1	None	4	0	1569.590	733.791	0.791	0.880	0.982	0.441	1.744	4.418	0.260	3.098	93.193	NA	NA	NA	0.361	PoorBinder	False	Pending
chr19-14049194-14049195-C-T	791.IL27RA.ENST00000263379.4.missense.428A/V					IL27RA	A428V	1	QDVPPGTPA	ENST00000263379.4	True	True	1	HLA-B*45:01	3	None	4	0	2943.720	1800.661	1.819	0.902	2.393	1.702	1.226	0.370	0.932	0.854	13.617	0.305	4.153	197.000	0.262	PoorBinder	False	Pending
chr19-14049194-14049196-CC-TT	792.IL27RA.ENST00000263379.4.missense.428A/V					IL27RA	A428V	1	QDVPPGTPA	ENST00000263379.4	True	True	1	HLA-B*45:01	3	None	4	0	2943.720	1800.661	1.819	0.902	2.393	1.702	1.226	0.370	0.932	0.854	13.617	NA	NA	NA	0.268	PoorBinder	False	Pending
chr19-16093698-16093699-G-C	796.TPM4.ENST00000643579.2.missense.204E/Q		2			TPM4	E204Q	5	KEAETRAQFA	ENST00000643579.2	True	True	NA	HLA-B*45:01	8	None	10	2	188.505	138.130	0.339	0.447	0.255	0.245	38.729	39.066	1.648	1.321	370.472	0.654	242.289	4066.000	0.480	PoorImmunogenicity	False	Pending
chr17-5007046-5007047-C-T	733.KIF1C.ENST00000320785.10.missense.433S/F		1			KIF1C	S433F	1	TEFQIGPEEA	ENST00000320785.10	True	True	1	HLA-B*45:01	3	None	7	1	130.321	149.398	0.365	0.370	0.182	0.283	30.044	39.812	1.094	2.825	121.453	0.297	36.072	1679.000	0.316	PoorImmunogenicity	False	Pending
chr4-108650681-108650682-C-G	239.OSTC.ENST00000361564.9.missense.9F/L				1	OSTC	F9L	3	YRVPLLVL	ENST00000361564.9	True	True	1	HLA-C*06:02	5	None	8	1	282.169	272.915	0.373	0.408	0.253	0.408	2.022	1.122	0.249	0.152	173.877	0.486	84.504	1028.000	0.462	PoorImmunogenicity	False	Pending
chr9-133354714-133354715-G-C	474.SURF1.ENST00000371974.8.missense.89N/K				2	SURF1	N89K	1	RRKWKLKLI	ENST00000371974.8	True	True	1	HLA-C*06:02	7	None	4	2	212.834	161.921	0.642	0.421	0.391	0.248	22.188	17.628	1.248	0.863	46.709	0.762	35.592	563.000	0.700	PoorImmunogenicity	False	Pending
chr19-19336157-19336158-A-C	804.MAU2.ENST00000262815.13.missense.111S/R	1			1	MAU2	S111R	1	VKFEAARLL	ENST00000262815.13	True	True	1	HLA-C*06:02	7	None	8	2	212.075	484.278	0.518	1.733	0.448	1.014	13.116	12.093	0.418	2.216	34.844	0.437	15.227	238.000	0.345	PoorImmunogenicity	False	Pending
chr14-60724007-60724008-C-G	638.SIX4.ENST00000216513.5.missense.23E/Q		2			SIX4	E23Q	1	QENGMQSA	ENST00000216513.5	True	True	1	HLA-B*45:01	6	None	5	2	222.019	324.687	0.585	0.714	0.293	0.362	24.774	32.283	1.461	2.784	15.017	0.987	14.822	76.000	1.000	PoorImmunogenicity	False	Pending
chr18-36067341-36067342-C-G	770.RPRD1A.ENST00000399022.9.missense.21Q/H		1			RPRD1A	Q21H	2	SELSNSQHSV	ENST00000399022.9	True	True	1	HLA-B*45:01	8	None	5	1	368.846	354.639	0.952	1.087	0.471	0.477	42.978	53.156	1.252	4.255	57.249	0.500	28.625	602.000	0.417	PoorImmunogenicity	False	Pending
chr16-58516554-58516555-G-A	721.SETD6.ENST00000219315.9.missense.185R/H	1				SETD6	R185H	2	DLANIHSEY	ENST00000219315.9	True	True	1	HLA-A*29:02	6	None	5	1	103.731	277.900	0.372	0.721	0.372	0.779	2.145	4.178	0.389	0.334	11.622	0.340	3.951	100.000	0.335	PoorImmunogenicity	False	Pending
chr1-43432295-43432296-G-C	25.SZT2.ENST00000634258.3.missense.1767G/R				1	SZT2	G1767R	2	RRLHLPRHV	ENST00000634258.3	True	True	5	HLA-C*06:02	7	None	8	1	479.931	2414.979	0.498	2.854	0.624	2.830	9.596	26.146	0.205	8.842	34.708	0.344	11.940	96.000	0.338	PoorImmunogenicity	False	Pending
chr17-4545724-4545725-T-C	729.MYBBP1A.ENST00000254718.9.missense.653E/G		1			MYBBP1A	E653G	2	VEVLVGILLA	ENST00000254718.9	True	True	1	HLA-B*45:01	6	None	4	1	295.954	400.825	1.082	1.344	0.476	0.713	37.323	42.186	1.799	3.804	47.493	0.319	15.150	420.000	0.352	PoorImmunogenicity	False	Pending
chr5-1814504-1814505-G-A	259.NDUFS6.ENST00000469176.1.missense.118R/H			1		NDUFS6	R118H	1	QPAHPHTPL	ENST00000469176.1	False	False	2	HLA-B*82:02	4	None	6	1	90.330	100.630	0.035	0.040	0.020	0.037	0.164	0.557	0.050	0.096	181.433	0.500	90.716	6.000	0.410	PoorTranscript	False	Pending
chr1-204125889-204125890-C-T	70.SOX13.ENST00000367204.6.missense.542S/L	3				SOX13	S542L	2	QMSSLDVLY	ENST00000367204.6	True	True	1	HLA-A*29:02	5	None	5	3	10.785	19.094	0.046	0.089	0.035	0.068	0.096	0.294	0.322	0.554	2.664	0.105	0.280	19.000	0.339	LowExpr	False	Pending
chr7-140024672-140024681-TCAAAGATCA-T	394.PARP12.ENST00000263549.8.inframe_del.662-665VIFE/E	1				PARP12	VIFE662-665E	1	SIFEKHQVY	ENST00000263549.8	True	True	1	HLA-A*29:02	1	None	3	1	126.800	144.030	0.150	0.155	0.234	0.447	0.692	0.350	0.053	0.056	29.767	0.153	4.554	307.000	0.108	Subclonal	False	Pending
chr8-125436370-125436371-C-T	432.TRIB1.ENST00000311922.4.missense.340S/F	3				TRIB1	S340F	3	WFEFVLEPGY	ENST00000311922.4	True	True	1	HLA-A*29:02	4	None	8	3	106.740	111.208	0.621	0.638	0.382	0.424	0.998	1.192	1.151	0.902	78.491	0.102	8.006	795.000	0.133	Subclonal	False	Pending
chr10-125729432-125729433-C-G	496.EDRF1.ENST00000356792.9.missense.324P/A	2				EDRF1	P324A	2	NMAIFGGGRY	ENST00000356792.9	True	True	1	HLA-A*29:02	3	None	7	2	195.696	279.950	0.613	0.763	0.468	0.763	1.182	2.554	1.046	0.808	17.377	0.185	3.215	205.000	0.155	Subclonal	False	Pending
chr8-125436370-125436372-CC-TT	435.TRIB1.ENST00000311922.4.missense.340S/F	3				TRIB1	S340F	3	WFEFVLEPGY	ENST00000311922.4	True	True	1	HLA-A*29:02	4	None	8	3	106.740	111.208	0.621	0.638	0.382	0.424	0.998	1.192	1.151	0.902	78.491	NA	NA	NA	0.136	Subclonal	False	Pending
chr12-889169-889170-C-G	576.WNK1.ENST00000315939.11.missense.1799Q/E					WNK1	Q1799E	6	AELRRTLSP	ENST00000315939.11	True	True	1	HLA-B*45:01	2	None	5	0	630.498	9432.692	0.295	6.593	0.622	8.415	0.748	3.610	0.081	6.947	97.460	0.700	68.222	593.000	0.604	Poor	True	Pending
chr10-125859825-125859826-G-C	500.DHX32.ENST00000284690.4.missense.209P/R					DHX32	P209R	1	ARRELKLII	ENST00000284690.4	True	True	1	HLA-C*06:02	3	None	7	0	507.742	530.848	0.615	0.330	0.382	0.960	30.790	3.584	2.021	0.048	53.951	0.998	53.843	518.000	1.000	Poor	False	Pending
chrX-1419095-1419096-G-A	878.ASMTL.ENST00000381317.9.missense.422P/S		1			ASMTL	P422S	3	SETRLRFMRA	ENST00000381317.9	True	True	1	HLA-B*45:01	1	None	9	1	90.250	2959.138	0.800	5.210	0.166	3.166	28.404	40.881	2.480	16.318	74.609	0.223	16.638	847.000	0.226	Poor	False	Pending
chr8-38428419-38428420-G-A	404.FGFR1.ENST00000356207.9.missense.36S/L					FGFR1	S36L	4	LPEQDALPSL	ENST00000356207.9	False	False	1	HLA-B*82:02	10	None	1	0	766.270	11959.820	0.503	13.856	0.502	6.256	2.835	39.470	0.483	26.904	143.964	0.999	143.820	1501.000	1.000	Poor	True	Pending
chr8-22566400-22566401-G-C	399.SORBS3.ENST00000240123.12.missense.336R/P			2		SORBS3	R336P	1	APSLSPHKM	ENST00000240123.12	True	True	1	HLA-B*82:02	2	None	4	2	250.848	24191.461	0.252	27.403	0.252	18.390	3.516	40.962	0.275	28.313	23.107	0.374	8.642	195.000	0.464	Poor	True	Pending
chr11-63544840-63544860-GTGAGCACTTTGTCACCCAGC-G	561.PLAAT4.ENST00000255688.8.FS.113-120GTGAGCACTTTGTCACCCAGC/G				1	PLAAT4	FS113-120	3	SRNCEIWQV	ENST00000255688.8	True	True	1	HLA-C*06:02	6, 7, 8, 9	4	1	1	153.975	5546.494	0.342	10.859	0.330	5.538	0.651	37.994	0.227	41.478	43.703	0.115	5.026	426.000	0.071	Poor	False	Pending
chr5-177460554-177460555-C-T	284.DBN1.ENST00000393565.6.missense.278E/K		6			DBN1	E278K	4	SESEVEKAA	ENST00000393565.6	True	True	5	HLA-B*45:01	7	None	14	6	58.838	48.155	0.071	0.041	0.029	0.031	7.530	13.067	0.214	0.396	109.087	0.009	0.982	1076.000	0.285	Poor	False	Pending
chr14-32600790-32600791-A-T	628.AKAP6.ENST00000280979.9.missense.910K/M	2	1			AKAP6	K910M	3	EEGTGSPMA	ENST00000280979.9	True	True	1	HLA-B*45:01	8	None	12	3	114.805	154.050	0.137	0.166	0.131	0.166	22.073	11.882	0.351	0.286	2.905	0.250	0.726	8.000	0.708	Poor	False	Pending
chr6-32181195-32181196-G-T	306.AGER.ENST00000375076.9.missense.388L/M		2			AGER	L388M	3	AEMNQSEEPEA	ENST00000375076.9	True	True	1	HLA-B*45:01	3	None	9	2	128.870	342.105	0.219	0.606	0.151	0.470	7.139	24.892	0.395	0.997	2.211	0.462	1.021	26.000	0.510	Poor	False	Pending
chrX-41344254-41344255-G-C	911.DDX3X.ENST00000644876.2.missense.294R/T	1			3	DDX3X	R294T	19	RKFSYRSTV	ENST00000644876.2	True	True	NA	HLA-C*06:02	8	None	11	4	513.090	906.664	1.516	3.726	0.647	1.342	9.262	27.925	1.903	6.408	158.794	0.999	158.635	1381.000	0.966	Poor	False	Pending
chr3-172353066-172353067-C-T	222.FNDC3B.ENST00000415807.7.missense.927P/S					FNDC3B	P927S	3	SETTYRIRI	ENST00000415807.7	True	True	1	HLA-B*45:01	1	None	6	0	757.788	10883.952	1.056	7.835	1.056	7.240	45.008	48.164	2.549	18.452	92.076	0.317	29.188	928.000	0.356	Poor	False	Pending
chr3-121697676-121697677-G-C	204.GOLGB1.ENST00000614479.5.missense.949A/G					GOLGB1	A949G	3	AEEGKKEQV	ENST00000614479.5	True	True	1	HLA-B*45:01	4	None	5	0	865.084	588.880	0.934	0.688	0.934	0.688	26.452	25.793	1.223	1.015	45.429	0.967	43.930	307.000	1.000	Poor	False	Pending
chr9-35609475-35609476-C-T	455.TESK1.ENST00000336395.6.missense.539H/Y					TESK1	H539Y	2	AQYSLPRAA	ENST00000336395.6	True	True	1	HLA-B*45:01	3	None	6	0	580.639	539.030	0.547	0.841	0.653	0.662	2.149	1.203	0.482	0.933	9.206	1.000	9.206	97.000	1.000	Poor	False	Pending
chr20-35384131-35384132-C-G	830.UQCC1.ENST00000374385.10.missense.44W/S				1	UQCC1	W44S	5	SRTSQSPQM	ENST00000374385.10	True	True	1	HLA-C*06:02	6	None	3	1	365.305	752.965	1.271	2.402	0.473	1.108	56.990	21.079	18.004	16.650	47.722	0.327	15.605	581.000	0.434	Poor	False	Pending
chr5-133103958-133103959-T-C	268.HSPA4.ENST00000304858.7.missense.751L/P					HSPA4	L751P	1	NPQNKQSL	ENST00000304858.7	True	True	1	HLA-B*82:02	2	None	3	0	567.450	19898.650	1.885	17.015	0.426	17.015	5.848	42.029	3.576	14.301	114.662	0.996	114.203	1368.000	1.000	Poor	False	Pending
chr17-80086142-80086143-G-C	764.CCDC40.ENST00000397545.9.missense.792E/D		1			CCDC40	E792D	2	DEQLASLDA	ENST00000397545.9	True	True	5	HLA-B*45:01	1	None	6	1	293.522	47.203	0.427	0.069	0.416	0.058	13.353	3.572	1.215	0.352	5.546	0.300	1.664	10.000	0.181	Poor	False	Pending
chr10-132163376-132163377-C-G	517.JAKMIP3.ENST00000684848.1.missense.797R/G		1			JAKMIP3	R797G	17	GERMELLQLA	ENST00000684848.1	True	True	NA	HLA-B*45:01	1	None	5	1	211.397	177.626	0.691	0.465	0.599	0.277	41.277	38.496	2.880	6.105	3.848	0.625	2.405	24.000	0.462	Poor	False	Pending
chr15-50643416-50643417-T-G	695.TRPM7.ENST00000646667.1.missense.153K/T					TRPM7	K153T	2	HPRITQLL	ENST00000646667.1	True	True	NA	HLA-B*82:02	5	None	4	0	757.026	1065.768	0.763	1.374	0.754	0.996	3.214	6.773	1.849	3.232	28.628	0.450	12.883	416.000	0.500	Poor	True	Pending
chrX-77681732-77681733-T-C	927.ATRX.ENST00000373344.11.missense.1175K/E					ATRX	K1175E	2	SEKKAVIV	ENST00000373344.11	True	True	1	HLA-B*45:01	2	None	3	0	1330.389	29762.684	1.099	28.254	1.099	28.254	32.492	64.769	0.823	20.618	57.053	0.990	56.482	293.000	1.000	Poor	False	Pending
chrX-1419025-1419026-G-A	875.ASMTL.ENST00000381317.9.missense.445T/M	1				ASMTL	T445M	3	AMAFNLSRF	ENST00000381317.9	True	True	1	HLA-A*29:02	2	None	4	1	618.761	2037.413	1.758	3.306	1.556	2.732	5.686	7.036	2.350	2.936	74.609	0.460	34.320	804.000	0.467	Poor	False	Pending
chr6-46662451-46662452-C-G	314.SLC25A27.ENST00000371347.10.missense.154Q/E					SLC25A27	Q154E	2	NPTDLVKVEM	ENST00000371347.10	True	True	1	HLA-B*82:02	9	None	3	0	798.020	1618.200	0.486	0.662	0.415	0.534	2.442	4.302	0.662	1.074	14.615	0.521	7.614	71.000	0.484	Poor	False	Pending
chr10-37957500-37957501-C-T	490.ZNF25.ENST00000302609.8.missense.21E/K		1			ZNF25	E21K	1	KEKWKLLTPA	ENST00000302609.8	True	True	1	HLA-B*45:01	3	None	6	1	331.967	117.285	1.203	0.479	0.416	0.286	35.262	25.576	11.378	2.418	13.090	0.471	6.165	187.000	0.485	Poor	False	Pending
chr7-102317255-102317256-A-G	377.SH2B2.ENST00000444095.3.missense.419H/R			1		SH2B2	H419R	2	YPWFRGTL	ENST00000444095.3	True	True	2	HLA-B*82:02	5	None	6	1	333.693	316.120	0.611	0.457	0.254	0.254	3.976	1.128	1.773	0.676	6.055	0.223	1.350	94.000	0.181	Poor	False	Pending
chr15-49282070-49282071-G-T	693.GALK2.ENST00000560031.6.missense.197A/S					GALK2	A197S	5	SEEGTAKLI	ENST00000560031.6	True	True	1	HLA-B*45:01	1	None	3	0	1350.478	625.225	0.806	0.626	1.151	0.632	32.934	23.450	0.392	0.241	24.473	1.000	24.473	184.000	1.000	Poor	False	Pending
chr22-41524890-41524891-G-C	859.ACO2.ENST00000216254.9.missense.510E/Q					ACO2	E510Q	9	TLKFNPQTDY	ENST00000216254.9	True	True	1	HLA-A*29:02	7	None	6	0	710.206	789.698	1.749	1.987	1.556	1.681	2.905	2.492	1.588	1.680	119.616	0.238	28.469	1640.000	0.216	Poor	False	Pending
chr1-179109009-179109010-T-C	63.ABL2.ENST00000502732.6.missense.753T/A			1		ABL2	T753A	3	TGFFAPRLI	ENST00000502732.6	True	True	1	HLA-C*06:02	5	None	4	1	1136.267	1199.551	1.130	1.095	1.172	1.126	5.362	5.171	0.871	0.737	50.587	0.429	21.702	28.000	0.373	Poor	False	Pending
chr3-171138369-171138370-G-T	215.TNIK.ENST00000357327.9.missense.448R/S		1			TNIK	R448S	8	AEHEQEYKS	ENST00000357327.9	False	False	1	HLA-B*45:01	9	None	7	1	413.990	1410.591	0.490	1.897	0.490	1.676	12.734	29.786	0.386	2.779	3.976	0.167	0.664	12.000	0.270	Poor	False	Pending
chr2-53901384-53901385-G-C	114.PSME4.ENST00000404125.6.missense.1084H/D					PSME4	H1084D	1	AEKIDRQYET	ENST00000404125.6	True	True	1	HLA-B*45:01	5	None	5	0	751.770	797.505	1.411	1.411	1.376	0.934	29.464	42.070	1.542	9.594	57.847	0.276	15.966	601.000	0.350	Poor	False	Pending
chr2-236392010-236392011-C-T	184.IQCA1.ENST00000409907.8.missense.460E/K					IQCA1	E460K	3	RERKRPVKA	ENST00000409907.8	True	True	1	HLA-B*45:01	4	None	1	0	569.808	406.697	0.696	0.363	0.683	0.363	36.247	13.010	3.827	0.480	14.414	0.087	1.254	149.000	0.233	Poor	False	Pending
chr9-137255473-137255474-G-C	476.NELFB.ENST00000343053.6.missense.37G/R					NELFB	G37R	1	GERAGDRAP	ENST00000343053.6	True	True	1	HLA-B*45:01	7	None	3	0	1287.922	1556.749	1.394	2.895	0.892	1.375	44.414	45.902	1.421	2.790	32.319	0.812	26.243	80.000	0.600	Poor	False	Pending
chr2-216428741-216428742-C-G	176.SMARCAL1.ENST00000357276.9.missense.432L/V					SMARCAL1	L432V	2	SEVDPKVVS	ENST00000357276.9	True	True	2	HLA-B*45:01	7	None	6	0	939.433	1105.331	0.837	1.276	0.966	1.396	27.630	29.408	0.256	0.306	14.405	0.520	7.491	179.000	0.457	Poor	False	Pending
chr4-373601-373602-C-T	232.ZNF141.ENST00000240499.8.missense.389H/Y	1				ZNF141	H389Y	1	KIYTGEKPY	ENST00000240499.8	True	True	1	HLA-A*29:02	3	None	5	1	489.769	2460.050	1.110	3.395	1.009	3.371	9.184	14.626	1.320	2.676	2.222	0.821	1.824	39.000	0.917	Poor	True	Pending
chr3-33053544-33053545-G-T	187.GLB1.ENST00000307377.12.missense.115S/R					GLB1	S115R	3	SYNSAGRNI	ENST00000307377.12	False	False	1	HLA-C*06:02	7	None	2	0	1193.488	2347.020	1.481	3.761	1.103	3.112	2.997	30.917	4.464	24.099	77.589	0.253	19.630	782.000	0.314	Poor	False	Pending
chr20-23354058-23354059-C-G	826.NXT1.ENST00000254998.3.missense.6F/L					NXT1	F6L	1	MASVDLKTY	ENST00000254998.3	True	True	1	HLA-A*29:02	6	None	2	0	824.715	411.113	1.580	1.203	1.511	1.203	3.298	1.990	1.707	1.190	38.946	0.422	16.435	519.000	0.375	Poor	False	Pending
chr2-102015965-102015966-C-T	131.IL1R2.ENST00000332549.8.missense.143T/I					IL1R2	T143I	3	ISYPQILIL	ENST00000332549.8	True	True	1	HLA-C*06:02	8	None	8	0	777.697	456.355	0.370	0.357	0.668	0.558	3.502	1.203	0.133	0.050	0.517	0.300	0.155	10.000	0.200	Poor	False	Pending
chr4-103145955-103145956-C-G	237.CENPE.ENST00000265148.9.missense.1429R/T					CENPE	R1429T	2	IEMLGLSKT	ENST00000265148.9	True	True	2	HLA-B*45:01	9	None	2	0	834.382	8114.151	1.492	7.242	1.199	6.219	45.299	49.029	6.018	18.524	29.958	0.242	7.250	380.000	0.239	Poor	False	Pending
chr7-155462475-155462476-A-G	398.EN2.ENST00000297375.4.missense.264Q/R		1			EN2	Q264R	1	AEFRTNRYLT	ENST00000297375.4	True	True	1	HLA-B*45:01	4	None	8	1	371.485	242.276	1.205	0.832	0.484	0.440	46.370	34.296	7.240	1.096	0.408	0.375	0.153	16.000	0.263	Poor	False	Pending
chr11-6401000-6401001-C-T	541.APBB1.ENST00000609360.6.missense.554A/T					APBB1	A554T	10	VPVTKPVGV	ENST00000609360.6	True	True	5	HLA-B*82:02	4	None	4	0	986.930	1031.840	1.396	1.204	1.396	1.204	3.133	3.264	2.266	1.209	6.678	1.000	6.678	85.000	0.990	Poor	False	Pending
chr6-109451607-109451608-G-T	323.MICAL1.ENST00000358807.8.missense.309L/M					MICAL1	L309M	3	MRQDWPDTNRL	ENST00000358807.8	True	True	1	HLA-C*06:02	1	None	5	0	1355.490	2631.930	1.369	3.002	1.077	3.002	21.828	21.816	1.433	2.368	12.825	1.000	12.825	96.000	0.981	Poor	False	Pending
chr17-82961144-82961145-G-C	765.B3GNTL1.ENST00000320865.4.missense.198L/V					B3GNTL1	L198V	2	FFYEHVRKG	ENST00000320865.4	True	True	1	HLA-C*06:02	6	None	5	0	859.306	1141.686	1.002	1.550	0.985	1.446	0.919	1.603	3.724	8.970	10.001	0.235	2.350	81.000	0.221	Poor	False	Pending
chr22-50177151-50177152-C-T	872.PANX2.ENST00000395842.3.missense.147S/F					PANX2	S147F	2	VPALGWEFLAF	ENST00000395842.3	True	True	2	HLA-B*82:02	11	None	7	0	767.658	5941.130	1.925	14.983	1.238	4.368	6.930	32.050	13.602	45.971	10.842	1.000	10.842	124.000	0.996	Poor	False	Pending
chr5-145817966-145817967-A-G	280.PRELID2.ENST00000683046.1.missense.99C/R					PRELID2	C99R	5	RSHRLTWTQY	ENST00000683046.1	True	True	NA	HLA-A*29:02	4	None	6	0	655.483	545.172	1.522	1.452	1.522	1.442	4.293	3.350	1.882	1.795	7.144	0.386	2.758	88.000	0.324	Poor	False	Pending
chrX-40655057-40655058-G-T	892.MED14.ENST00000324817.6.missense.1325F/L					MED14	F1325L	1	LELLPDQA	ENST00000324817.6	True	True	1	HLA-B*45:01	4	None	5	0	838.854	1054.037	2.488	2.458	1.166	2.056	44.236	36.906	3.174	3.721	18.572	1.000	18.572	146.000	1.000	Poor	False	Pending
chr7-82908982-82908983-C-G	352.PCLO.ENST00000333891.14.missense.4444W/S					PCLO	W4444S	2	LRREETDSF	ENST00000333891.14	True	True	2	HLA-C*06:02	8	None	4	0	541.270	628.940	1.730	2.752	1.162	1.809	82.924	78.502	2.700	10.620	4.482	0.567	2.541	30.000	0.409	Poor	False	Pending
chr2-31366060-31366061-G-C	107.XDH.ENST00000379416.4.missense.791R/G					XDH	R791G	1	VPANRIVVGV	ENST00000379416.4	True	True	1	HLA-B*82:02	9	None	3	0	1482.890	1425.890	1.254	1.661	0.760	0.857	1.384	5.279	2.116	2.590	9.677	1.000	9.677	83.000	1.000	Poor	False	Pending
chrX-15355261-15355262-C-T	888.VEGFD.ENST00000297904.4.missense.177E/K					VEGFD	E177K	1	VPKLVPVKV	ENST00000297904.4	True	True	1	HLA-B*82:02	3	None	2	0	1716.960	3520.060	0.235	1.103	0.942	1.103	0.136	2.476	0.186	1.649	0.674	1.000	0.674	5.000	0.987	Poor	False	Pending
chr7-77600798-77600799-C-T	348.PTPN12.ENST00000248594.11.missense.230H/Y					PTPN12	H230Y	3	VPICIYCSA	ENST00000248594.11	True	True	1	HLA-B*82:02	6	4,7	2	0	1885.440	1289.250	1.546	0.802	0.794	0.511	1.144	2.168	16.640	15.008	128.676	0.161	20.717	732.000	0.203	Poor	False	Pending
chr20-4182496-4182497-C-A	818.SMOX.ENST00000305958.9.missense.340Q/K					SMOX	Q340K	3	SLGVLKRKY	ENST00000305958.9	True	True	1	HLA-A*29:02	8	None	3	0	1564.540	1069.915	1.692	1.412	1.428	1.213	3.245	3.855	1.766	1.445	34.520	0.539	18.606	456.000	0.600	Poor	False	Pending
chr1-27793606-27793607-C-G	8.STX12.ENST00000373943.9.missense.88P/R					STX12	P88R	1	KELGSLRLP	ENST00000373943.9	True	True	1	HLA-B*45:01	7	None	3	0	2160.068	1360.254	1.564	1.005	2.632	1.582	36.052	11.166	0.371	0.150	26.914	1.000	26.914	432.000	1.000	Poor	False	Pending
chr11-46728135-46728136-T-C	547.F2.ENST00000311907.10.missense.424V/A					F2	V424A	2	TENDLLARI	ENST00000311907.10	True	True	1	HLA-B*45:01	7	None	5	0	699.771	616.889	0.927	0.622	0.927	0.745	34.817	27.836	0.338	0.142	0.048	1.000	0.048	1.000	0.357	Poor	False	Pending
chr22-37631020-37631021-C-G	855.GGA1.ENST00000343632.9.missense.484P/A					GGA1	P484A	4	EPARPPQQPV	ENST00000343632.9	True	True	1	HLA-B*82:02	3	None	2	0	1567.075	2850.731	1.928	3.876	0.766	1.143	23.346	22.148	17.088	14.889	51.482	0.435	22.395	386.000	0.436	Poor	False	Pending
chr14-55180753-55180754-G-A	636.DLGAP5.ENST00000247191.7.missense.202S/L			1		DLGAP5	S202L	2	QPVMPTLLRM	ENST00000247191.7	True	True	1	HLA-B*82:02	7	None	6	1	1661.880	1538.160	1.396	1.225	1.088	1.019	20.833	11.450	19.582	6.397	53.642	0.224	12.016	825.000	0.240	Poor	False	Pending
chr17-29286059-29286060-C-G	757.NUFIP2.ENST00000225388.9.missense.645R/T					NUFIP2	R645T	1	KEQRYQTGL	ENST00000225388.9	True	True	1	HLA-B*45:01	7	None	2	0	2344.059	3043.832	1.836	3.216	1.836	3.139	32.004	46.997	1.380	6.540	31.008	0.998	30.946	661.000	1.000	Poor	False	Pending
chr3-52395054-52395055-C-T	195.DNAH1.ENST00000420323.7.missense.3655P/L					DNAH1	P3655L	1	IELQTANLSV	ENST00000420323.7	True	True	1	HLA-B*45:01	3	None	6	0	745.149	2660.151	1.683	3.970	1.195	3.079	47.269	49.656	3.407	3.492	3.000	0.550	1.650	20.000	0.263	Poor	False	Pending
chr15-74280668-74280669-G-T	703.CCDC33.ENST00000398814.8.missense.297M/I					CCDC33	M297I	1	LEYYSSTSI	ENST00000398814.8	True	True	2	HLA-B*45:01	9	None	1	0	636.165	2295.485	1.441	2.514	1.183	2.105	46.051	42.794	2.671	3.832	0.158	1.000	0.158	1.000	0.585	Poor	False	Pending
chr8-143805313-143805314-A-C	450.SCRIB.ENST00000356994.7.missense.823V/G					SCRIB	V823G	4	EPENAGTITPL	ENST00000356994.7	True	True	2	HLA-B*82:02	6	None	3	0	1186.805	2777.580	1.463	3.084	0.636	1.062	2.480	3.252	2.134	6.847	61.627	0.055	3.389	402.000	0.164	Poor	False	Pending
chr5-141332647-141332648-C-T	275.PCDHGA1.ENST00000517417.3.missense.655S/F					PCDHGA1	S655F	2	QPPLFATVTL	ENST00000517417.3	True	True	1	HLA-B*82:02	5	None	5	0	1209.150	1405.150	0.768	0.768	0.647	0.768	6.893	14.547	2.004	3.653	0.326	0.571	0.186	7.000	0.681	Poor	False	Pending
chr1-227091907-227091908-T-G	99.CDC42BPA.ENST00000366766.8.missense.778K/T					CDC42BPA	K778T	5	EENKTLTSEL	ENST00000366766.8	True	True	5	HLA-B*45:01	5	None	4	0	996.079	1556.249	1.487	2.252	1.456	2.252	46.464	43.479	1.650	1.797	40.050	0.063	2.523	317.000	0.231	Poor	False	Pending
chr17-45119014-45119029-TAGACGGTCGTTGTTG-T	761.PLCD3.ENST00000619929.5.inframe_del.233-238SNNDRL/S		1			PLCD3	SNNDRL233-238S	1	SEGAEIEEF	ENST00000619929.5	True	True	1	HLA-B*45:01	1	None	3	1	1921.147	7531.760	2.285	6.137	2.285	5.616	49.032	51.482	4.356	5.317	26.946	1.000	26.946	64.000	0.941	Poor	False	Pending
chr2-63942505-63942506-C-G	116.VPS54.ENST00000272322.9.missense.453D/H					VPS54	D453H	3	QWFDLLKHIF	ENST00000272322.9	True	True	5	HLA-A*29:02	8	None	5	0	1288.479	2134.901	2.149	3.504	2.042	3.198	8.494	7.643	9.346	11.645	12.384	1.000	12.384	86.000	1.000	Poor	False	Pending
chr9-129102403-129102404-T-C	467.CRAT.ENST00000318080.7.missense.209Y/C					CRAT	Y209C	6	CQFFELDVY	ENST00000318080.7	True	True	1	HLA-A*29:02	1	1	5	0	735.493	152.021	1.444	0.697	1.502	0.714	1.030	0.583	2.005	0.547	11.624	0.018	0.209	169.000	0.275	Poor	False	Pending
chr7-82916602-82916603-C-A	354.PCLO.ENST00000333891.14.missense.3795D/Y					PCLO	D3795Y	3	EEEKEIYA	ENST00000333891.14	True	True	2	HLA-B*45:01	7	None	15	0	1183.511	1933.093	1.238	3.513	1.154	1.812	4.704	16.994	1.283	3.874	4.482	0.171	0.766	35.000	0.222	Poor	False	Pending
chr16-74391670-74391671-C-T	725.NPIPB15.ENST00000692376.1.missense.308P/L					NPIPB15	P308L	2	VPLPLSPL	ENST00000692376.1	True	True	NA	HLA-B*82:02	5	None	6	0	1218.650	546.914	0.949	0.763	0.478	0.444	9.837	10.176	4.798	3.798	10.432	0.015	0.156	68.000	0.409	Poor	True	Pending
chr19-35841840-35841841-C-A	806.NPHS1.ENST00000378910.10.missense.897G/C					NPHS1	G897C	2	TEHTYHQCGV	ENST00000378910.10	True	True	1	HLA-B*45:01	8	8	4	0	616.147	1041.722	1.855	1.955	1.138	1.463	30.574	46.091	3.879	13.374	0.377	1.000	0.377	2.000	0.081	Poor	False	Pending
chr8-132141242-132141243-C-G	438.KCNQ3.ENST00000388996.10.missense.451D/H					KCNQ3	D451H	4	TPLNVHAI	ENST00000388996.10	True	True	1	HLA-B*82:02	6	None	2	0	778.660	4336.460	1.361	5.123	1.361	4.153	1.241	7.654	1.314	12.270	0.019	1.000	0.019	2.000	0.291	Poor	False	Pending
chr11-64320894-64320895-T-C	564.PRDX5.ENST00000265462.9.missense.157F/L					PRDX5	F157L	3	LLADPTGAL	ENST00000265462.9	True	True	1	HLA-B*82:02	9	None	1	0	4209.230	5518.940	2.088	2.409	2.097	3.377	3.560	4.750	1.148	0.777	580.692	0.439	254.924	6089.000	0.427	Poor	False	Pending
chr12-48693119-48693120-G-C	586.CCNT1.ENST00000261900.8.missense.698I/M					CCNT1	I698M	1	NPRSGGMSS	ENST00000261900.8	True	True	1	HLA-B*82:02	7	None	2	0	2150.375	1411.381	2.478	1.581	1.028	0.959	24.762	3.201	20.894	2.407	23.125	1.000	23.125	230.000	1.000	Poor	False	Pending
chr7-112342710-112342711-G-C	379.ZNF277.ENST00000361822.8.missense.445L/F					ZNF277	L445F	1	SSIFNQLLL	ENST00000361822.8	True	True	1	HLA-C*06:02	4	None	3	0	1525.098	2320.805	3.600	3.360	2.472	2.931	7.340	16.080	4.295	9.138	58.592	0.347	20.331	505.000	0.434	Poor	False	Pending
chr22-50243800-50243801-T-C	873.TUBGCP6.ENST00000248846.10.missense.220H/R					TUBGCP6	H220R	2	FGALVRSRTY	ENST00000248846.10	True	True	1	HLA-A*29:02	6	None	6	0	1625.739	610.933	3.220	1.764	2.720	1.740	7.098	1.952	4.962	2.384	24.241	0.775	18.787	334.000	0.750	Poor	False	Pending
chr5-14507134-14507135-C-T	263.TRIO.ENST00000344204.9.missense.2876R/C					TRIO	R2876C	2	LEMADQGCL	ENST00000344204.9	True	True	1	HLA-B*45:01	8	8	2	0	1840.203	3975.298	2.803	4.938	2.224	4.110	47.746	57.632	2.829	3.898	74.348	0.250	18.587	376.000	0.259	Poor	False	Pending
chr16-3745299-3745300-G-C	713.CREBBP.ENST00000262367.10.missense.1297H/Q	2				CREBBP	H1297Q	2	QYDIIWPSGF	ENST00000262367.10	True	True	1	HLA-A*29:02	1	None	5	2	1752.125	1729.980	2.711	1.894	2.321	2.466	17.624	20.876	2.501	1.641	54.323	0.303	16.460	251.000	0.239	Poor	False	Pending
chr11-862686-862687-C-G	521.TSPAN4.ENST00000397397.7.missense.67I/M					TSPAN4	I67M	11	GAFVMAMGF	ENST00000397397.7	True	True	1	HLA-A*29:02	7	None	4	0	2810.012	4008.940	3.395	4.753	2.835	4.004	6.754	12.024	11.178	7.528	72.214	0.996	71.925	550.000	1.000	Poor	False	Pending
chrX-9937278-9937279-G-C	885.SHROOM2.ENST00000380913.8.missense.1245D/H					SHROOM2	D1245H	2	LPHGLEKHQI	ENST00000380913.8	True	True	1	HLA-B*82:02	8	None	1	0	922.678	3078.659	1.812	3.160	1.812	3.160	3.318	7.634	1.310	3.268	0.608	1.000	0.608	4.000	1.000	Poor	False	Pending
chr3-184239802-184239803-C-T	228.VWA5B2.ENST00000691901.1.missense.836A/V					VWA5B2	A836V	3	APPAVPPQV	ENST00000691901.1	True	True	NA	HLA-B*82:02	9	None	5	0	1362.180	6932.220	1.105	1.858	1.105	1.858	8.779	5.894	2.045	1.814	0.083	1.000	0.083	2.000	0.429	Poor	False	Pending
chr15-62819536-62819537-G-A	697.TLN2.ENST00000636159.2.missense.2265E/K					TLN2	E2265K	2	KPTPKFKQQL	ENST00000636159.2	True	True	5	HLA-B*82:02	5	None	7	0	2241.557	2040.150	1.627	1.975	1.396	1.473	6.813	3.096	2.433	1.180	20.006	0.351	7.022	154.000	0.452	Poor	False	Pending
chr15-45133932-45133933-G-A	687.DUOX1.ENST00000389037.7.missense.43R/K					DUOX1	R43K	2	MEHKWGSKG	ENST00000389037.7	True	True	1	HLA-B*45:01	4	None	2	0	1211.599	1253.164	1.804	1.986	1.213	1.521	45.917	48.738	7.464	12.352	0.947	1.000	0.947	2.000	1.000	Poor	False	Pending
chr13-45399008-45399009-C-T	616.SLC25A30.ENST00000519676.6.missense.228M/I				1	SLC25A30	M228I	2	NPVDVVRTRI	ENST00000519676.6	True	True	1	HLA-B*82:02	10	None	6	1	2760.295	1316.809	1.668	0.879	1.116	0.690	16.782	7.931	8.056	7.770	20.311	0.520	10.562	223.000	0.451	Poor	False	Pending
chr8-66813873-66813874-C-T	421.SGK3.ENST00000521198.7.missense.92A/V					SGK3	A92V	6	RRVGLNEFI	ENST00000521198.7	True	True	1	HLA-C*06:02	3	None	5	0	1472.988	920.707	1.566	1.398	1.498	1.183	23.862	14.767	4.298	2.272	2.109	0.571	1.204	7.000	0.230	Poor	False	Pending
chr6-43340177-43340178-C-G	311.ZNF318.ENST00000361428.3.missense.1274G/R					ZNF318	G1274R	1	SPTSSSFRKF	ENST00000361428.3	True	True	1	HLA-B*82:02	8	None	1	0	2427.440	2246.050	1.513	1.893	1.204	1.215	11.282	16.630	1.750	4.424	12.831	0.377	4.837	106.000	0.347	Poor	False	Pending
chr19-16572288-16572289-C-G	800.SLC35E1.ENST00000595753.6.missense.26E/Q					SLC35E1	E26Q	1	ARQGARVAA	ENST00000595753.6	True	True	1	HLA-B*45:01	3	None	2	0	2439.682	4546.786	4.259	4.775	1.882	3.407	24.109	19.374	12.106	10.878	38.810	0.816	31.669	38.000	0.698	Poor	False	Pending
chr6-29726902-29726904-AA-CT	301.HLA-F.ENST00000259951.12.missense.353N/L					HLA-F	N353L	1	YSVVSGLLM	ENST00000259951.12	True	True	NA	HLA-A*29:02	7	None	5	0	688.260	3512.527	2.238	4.866	1.634	4.403	4.146	14.228	2.533	6.890	74.251	NA	NA	NA	0.648	Poor	True	Pending
chr16-25246937-25246938-C-T	717.ZKSCAN2.ENST00000328086.12.missense.420E/K					ZKSCAN2	E420K	1	FFKDMDALL	ENST00000328086.12	True	True	1	HLA-C*06:02	3	None	7	0	1469.265	2971.534	1.916	4.897	1.728	3.567	3.176	14.186	2.304	6.232	4.925	0.441	2.172	68.000	0.454	Poor	False	Pending
chr6-118491773-118491774-G-A	327.CEP85L.ENST00000368491.8.missense.450S/F					CEP85L	S450F	5	GEFEQKLAFT	ENST00000368491.8	True	True	1	HLA-B*45:01	9	None	7	0	1514.346	919.750	3.029	1.835	2.566	1.546	55.595	56.599	5.803	4.272	16.147	0.421	6.798	95.000	0.581	Poor	False	Pending
chr10-32567832-32567833-C-T	489.CCDC7.ENST00000639629.1.missense.454S/L					CCDC7	S454L	3	IPLEKETRKL	ENST00000639629.1	False	True	5	HLA-B*82:02	10	None	5	0	1612.378	21530.700	2.448	31.230	2.448	14.519	5.944	57.357	1.456	33.028	20.750	0.208	4.316	226.000	0.359	Poor	False	Pending
chr6-3723707-3723708-C-G	290.PXDC1.ENST00000380283.5.missense.203E/Q					PXDC1	E203Q	1	SEFPSQLEDG	ENST00000380283.5	True	True	1	HLA-B*45:01	6	None	4	0	1952.725	2810.628	3.219	3.419	2.804	2.199	59.881	58.877	19.953	21.088	22.483	0.539	12.118	406.000	0.418	Poor	False	Pending
chr19-5928080-5928081-C-G	779.RANBP3.ENST00000439268.6.missense.229E/Q					RANBP3	E229Q	4	SEAADEEKQP	ENST00000439268.6	False	False	1	HLA-B*45:01	9	None	3	0	3043.581	2190.005	4.546	2.333	2.130	1.874	52.081	51.586	11.827	9.875	36.036	1.000	36.036	320.000	0.987	Poor	False	Pending
chr19-12580947-12580948-G-A	788.ZNF490.ENST00000311437.11.missense.376S/F					ZNF490	S376F	1	GEAFKSSSF	ENST00000311437.11	True	True	1	HLA-B*45:01	9	None	3	0	2089.881	849.755	2.130	1.249	2.584	1.247	37.271	45.477	0.871	5.099	15.981	0.257	4.107	167.000	0.351	Poor	False	Pending
chr6-33723018-33723020-CA-TG	308.IP6K3.ENST00000293756.5.missense.311-312SV/SI	1				IP6K3	SV311-312SI	2	LSIIRSQSSY	ENST00000293756.5	True	True	1	HLA-A*29:02	3	None	5	1	978.753	1520.148	2.031	3.361	1.859	3.177	20.325	22.854	2.369	2.656	0.009	NA	NA	NA	0.718	Poor	False	Pending
chr2-219471924-219471925-A-G	178.SPEG.ENST00000312358.12.missense.1258Y/C					SPEG	Y1258C	1	GPQHAGVCKSV	ENST00000312358.12	True	True	5	HLA-B*82:02	8	8	1	0	3007.680	2871.680	4.286	2.993	1.637	1.710	12.276	4.135	5.558	6.327	66.211	0.397	26.286	126.000	0.333	Poor	False	Pending
chr5-1331835-1331836-C-A	256.CLPTM1L.ENST00000320895.10.missense.313K/N					CLPTM1L	K313N	3	SFWNKKKSM	ENST00000320895.10	True	True	1	HLA-C*06:02	4	None	3	0	3130.994	5890.775	6.264	13.233	4.398	7.486	12.072	44.628	4.502	8.552	169.373	0.325	55.046	1031.000	0.378	Poor	False	Pending
chrX-43656385-43656386-C-A	918.MAOA.ENST00000338702.4.missense.15D/E					MAOA	D15E	2	SIAGHMFEV	ENST00000338702.4	True	True	1	HLA-C*06:02	8	None	3	0	1422.398	4946.655	2.752	6.698	4.004	7.554	3.654	2.888	0.746	5.426	0.784	1.000	0.784	2.000	1.000	Poor	False	Pending
chr1-39429921-39429922-G-C	21.MACF1.ENST00000564288.6.missense.5662E/Q					MACF1	E5662Q	5	RTLQQARQL	ENST00000564288.6	True	True	5	HLA-C*06:02	4	None	2	0	3298.866	2025.240	6.748	3.228	2.744	1.741	50.866	37.306	3.618	1.713	126.838	0.372	47.184	819.000	0.333	Poor	False	Pending
chr4-154491218-154491219-G-C	249.DCHS2.ENST00000357232.10.missense.46S/C					DCHS2	S46C	2	ARTQRCLLW	ENST00000357232.10	True	True	1	HLA-C*06:02	6	6	5	0	1237.637	748.136	4.359	2.500	1.623	0.955	70.829	74.973	12.014	7.100	2.425	1.000	2.425	17.000	0.963	Poor	False	Pending
chr1-16972417-16972418-C-G	2.CROCC.ENST00000375541.10.missense.2009S/C					CROCC	S2009C	1	QELRRSSAPFC	ENST00000375541.10	True	True	5	HLA-B*45:01	11	11	4	0	1828.556	2645.310	5.352	5.954	3.612	3.518	61.559	64.778	32.670	44.122	11.754	1.000	11.754	56.000	0.988	Poor	False	Pending
chr2-190982493-190982494-G-C	154.STAT1.ENST00000361099.8.missense.491P/A			1		STAT1	P491A	11	RNLSFFLTPA	ENST00000361099.8	True	True	1	HLA-B*45:01	10	None	6	1	5226.498	21147.734	5.210	21.280	3.907	24.950	3.580	8.708	26.225	21.490	172.622	0.520	89.763	1475.000	0.583	Poor	False	Pending
chr9-4286160-4286161-G-T	453.GLIS3.ENST00000381971.8.missense.89Q/K					GLIS3	Q89K	1	LPALSPRRKML	ENST00000381971.8	True	True	5	HLA-B*82:02	9	None	4	0	1436.880	759.910	2.383	1.221	1.473	0.910	23.148	17.112	19.074	9.822	2.761	0.043	0.119	23.000	0.153	Poor	False	Pending
chr7-112821984-112821985-G-T	380.BMT2.ENST00000297145.9.missense.326T/K					BMT2	T326K	1	KSDLVSRNY	ENST00000297145.9	True	True	1	HLA-A*29:02	1	None	4	0	3962.365	2481.540	2.406	1.921	4.931	3.222	1.790	1.840	0.506	0.708	34.269	0.188	6.443	224.000	0.179	Poor	False	Pending
chr9-35750917-35750918-C-T	457.RGP1.ENST00000378078.5.missense.139T/I					RGP1	T139I	1	VKYVYKLII	ENST00000378078.5	True	True	1	HLA-C*06:02	8	None	1	0	2947.104	1809.150	4.451	2.773	4.412	2.788	13.671	37.549	3.906	0.968	12.548	0.995	12.485	194.000	0.979	Poor	False	Pending
chr19-6755017-6755018-T-C	784.SH2D3A.ENST00000245908.11.missense.265E/G					SH2D3A	E265G	2	AEEDEGEEN	ENST00000245908.11	True	True	1	HLA-B*45:01	6	None	4	0	2187.523	1879.947	3.429	3.766	2.680	2.892	49.909	49.784	45.428	47.040	3.820	1.000	3.820	5.000	0.985	Poor	False	Pending
chr20-10054508-10054509-G-C	823.ANKEF1.ENST00000378392.6.missense.694K/N					ANKEF1	K694N	2	SEGNKVQKG	ENST00000378392.6	True	True	1	HLA-B*45:01	4	None	3	0	2509.041	2375.338	2.267	2.552	2.106	2.343	52.964	53.540	22.904	35.461	3.908	0.382	1.493	34.000	0.521	Poor	False	Pending
chr20-41165771-41165772-C-G	835.PLCG1.ENST00000685551.1.missense.582S/C					PLCG1	S582C	3	APDGCFLV	ENST00000685551.1	True	True	NA	HLA-B*82:02	5	5	1	0	4407.770	2965.230	5.818	5.272	5.490	3.745	11.572	10.535	26.486	16.532	67.838	0.444	30.120	392.000	0.429	Poor	False	Pending
chr20-59944225-59944226-A-G	843.FAM217B.ENST00000360816.8.missense.95S/G					FAM217B	S95G	2	KENADEDSAG	ENST00000360816.8	True	True	1	HLA-B*45:01	10	None	1	0	2469.289	2052.015	4.900	4.016	3.810	3.964	56.262	54.054	44.460	39.477	16.580	0.446	7.395	130.000	0.578	Poor	True	Pending
chr1-168179177-168179178-A-T	61.TIPRL.ENST00000367833.7.missense.34E/V					TIPRL	E34V	1	MKSADVVKL	ENST00000367833.7	True	True	1	HLA-C*06:02	7	None	1	0	5157.296	4532.154	3.978	6.364	2.788	4.419	73.340	79.005	3.578	7.748	55.746	0.332	18.508	927.000	0.273	Poor	False	Pending
chr2-175093191-175093192-C-G	145.ATF2.ENST00000264110.7.missense.352D/H					ATF2	D352H	1	DPHEKRRKFL	ENST00000264110.7	True	True	1	HLA-B*82:02	3	None	1	0	8383.830	5360.251	5.212	5.331	3.892	3.128	20.537	13.220	24.364	15.872	100.906	0.445	44.903	878.000	0.461	Poor	False	Pending
chr4-48420360-48420361-A-G	235.SLAIN2.ENST00000264313.11.missense.533R/G					SLAIN2	R533G	1	RPAGTTAMG	ENST00000264313.11	True	True	1	HLA-B*82:02	9	None	1	0	6723.757	7951.952	3.297	3.054	2.402	3.685	16.273	1.692	14.164	3.244	58.280	0.312	18.183	365.000	0.290	Poor	False	Pending
chr13-25541936-25541938-GA-CT	597.ATP8A2.ENST00000381655.7.missense.224D/L					ATP8A2	D224L	3	IRQGLSHTAL	ENST00000381655.7	True	True	1	HLA-C*06:02	10	None	5	0	1743.110	25171.980	2.482	35.134	1.156	34.189	43.080	34.232	7.010	58.681	0.145	NA	NA	NA	0.319	Poor	False	Pending
chr1-52961569-52961570-C-A	29.SCP2.ENST00000371514.8.missense.155A/D					SCP2	A155D	5	DHPVAPQMFGY	ENST00000371514.8	True	True	1	HLA-A*29:02	1	None	1	0	4268.160	2978.815	7.709	4.745	3.695	3.050	11.397	6.911	10.174	6.700	51.669	0.534	27.591	219.000	0.482	Poor	False	Pending
chr6-43587456-43587457-G-A	313.POLH.ENST00000372236.9.missense.153G/D					POLH	G153D	2	IEGLPQDPT	ENST00000372236.9	True	True	1	HLA-B*45:01	7	None	3	0	2977.987	3031.477	3.763	3.789	2.781	2.554	42.315	47.148	5.244	4.205	12.570	0.291	3.658	237.000	0.230	Poor	False	Pending
chr19-6044262-6044263-G-C	781.RFX2.ENST00000303657.10.missense.37A/G					RFX2	A37G	3	SPQRVLVQAG	ENST00000303657.10	True	True	1	HLA-B*82:02	10	None	1	0	4380.710	686.710	5.433	1.076	1.992	0.562	26.126	2.298	17.483	1.248	15.809	1.000	15.809	45.000	0.989	Poor	False	Pending
chr12-49526214-49526215-G-A	588.SPATS2.ENST00000552918.6.missense.533R/H					SPATS2	R533H	3	LPQHKPRTS	ENST00000552918.6	True	True	2	HLA-B*82:02	4	None	2	0	5593.807	7991.889	5.618	7.296	5.614	4.397	38.024	51.944	15.654	25.704	23.424	1.000	23.424	334.000	0.968	Poor	False	Pending
chr8-143795429-143795430-C-T	446.SCRIB.ENST00000356994.7.missense.1235G/D					SCRIB	G1235D	4	RELSPEDPG	ENST00000356994.7	True	True	2	HLA-B*45:01	7	None	2	0	3498.041	2819.815	5.262	4.687	4.248	3.524	52.762	54.451	24.496	16.151	61.627	0.141	8.689	687.000	0.162	Poor	False	Pending
chr1-150261628-150261629-G-A	42.CA14.ENST00000369111.9.missense.83G/S					CA14	G83S	2	HNNSHTVQL	ENST00000369111.9	True	True	1	HLA-C*06:02	4	None	3	0	2468.360	2574.100	2.290	2.043	2.201	2.125	9.120	8.906	1.433	0.754	0.137	0.500	0.069	4.000	0.321	Poor	False	Pending
chr1-86453473-86453474-G-A	37.CLCA2.ENST00000370565.5.missense.754G/E					CLCA2	G754E	1	LEVPAGPHP	ENST00000370565.5	True	True	1	HLA-B*45:01	2	None	2	0	2487.723	36247.859	2.880	42.395	3.278	50.617	11.747	22.014	0.208	31.612	0.509	1.000	0.509	2.000	0.575	Poor	False	Pending
chr2-61348284-61348285-C-G	115.USP34.ENST00000398571.7.missense.624D/H					USP34	D624H	1	EEHEDDDHG	ENST00000398571.7	True	True	5	HLA-B*45:01	3	None	1	0	5162.411	11829.609	5.374	10.713	4.908	8.584	51.311	52.056	45.212	51.950	47.363	0.355	16.814	591.000	0.284	Poor	False	Pending
chr16-87417563-87417564-G-C	727.ZCCHC14.ENST00000671377.2.missense.427L/V					ZCCHC14	L427V	2	MPSSVQTPQT	ENST00000671377.2	True	True	NA	HLA-B*82:02	5	None	3	0	3364.323	4416.247	3.763	5.242	1.273	1.470	18.007	29.050	10.137	14.202	12.705	0.248	3.151	153.000	0.277	Poor	False	Pending
chr9-137436071-137436072-C-T	478.ENTPD8.ENST00000371506.7.missense.331G/S					ENTPD8	G331S	2	SQEDCAFDGVY	ENST00000371506.7	True	True	5	HLA-A*29:02	1	5	2	0	2250.780	3731.806	2.855	4.295	2.734	4.295	7.632	5.891	4.282	5.806	0.236	0.500	0.118	4.000	0.346	Poor	False	Pending
chrX-71378281-71378287-GAGATAT-G	924.TAF1.ENST00000423759.6.inframe_del.327-329GDI/G					TAF1	GDI327-329G	4	FSQSTGDKV	ENST00000423759.6	True	True	5	HLA-C*06:02	8, 9	None	1	0	3070.838	14438.772	9.070	53.496	7.049	20.926	28.105	31.190	23.023	69.690	18.137	0.745	13.512	153.000	0.894	Poor	False	Pending
chr12-112043094-112043095-A-C	590.NAA25.ENST00000261745.9.missense.789S/R					NAA25	S789R	1	YELDTRGLEDT	ENST00000261745.9	True	True	1	HLA-B*45:01	6	None	1	0	4801.515	2773.943	8.965	6.347	8.965	4.641	41.930	42.513	5.719	8.516	23.927	1.000	23.927	192.000	1.000	Poor	False	Pending
chr1-27359862-27359863-T-G	6.MAP3K6.ENST00000357582.3.missense.772I/L					MAP3K6	I772L	2	HRDLKGDNV	ENST00000357582.3	True	True	1	HLA-C*06:02	4	None	1	0	3392.751	1148.258	6.764	7.018	4.078	5.362	60.905	51.324	28.720	28.348	32.590	0.315	10.266	295.000	0.260	Poor	True	Pending
chr7-128815875-128815876-C-G	389.CCDC136.ENST00000297788.9.missense.1103S/C					CCDC136	S1103C	1	EEEEDDADC	ENST00000297788.9	True	True	1	HLA-B*45:01	9	9	7	0	3280.467	3826.274	3.822	4.568	3.635	3.521	48.218	48.838	45.752	47.336	4.998	0.250	1.250	32.000	0.200	Poor	False	Pending
chr20-17659330-17659331-C-T	825.RRBP1.ENST00000377813.6.missense.393E/K					RRBP1	E393K	1	NQGKKVKGA	ENST00000377813.6	True	True	1	HLA-B*45:01	7	None	1	0	15310.574	12423.337	9.132	8.653	6.526	5.302	28.039	18.188	21.549	16.835	153.904	0.493	75.875	676.000	0.574	Poor	False	Pending
chrX-154349376-154349377-C-G	945.FLNA.ENST00000369850.10.missense.2581D/H					FLNA	D2581H	1	YVGQKSSFTVH	ENST00000369850.10	True	True	1	HLA-A*29:02	11	None	1	0	11710.044	30563.776	18.610	44.189	13.904	44.189	24.939	30.000	22.565	82.264	706.463	0.998	705.050	5609.000	0.992	Poor	False	Pending
chr2-669669-669670-C-T	102.TMEM18.ENST00000281017.8.missense.111M/I					TMEM18	M111I	1	MIIVVIWVW	ENST00000281017.8	True	True	1	HLA-A*29:02	6	None	1	0	5621.878	5872.154	7.204	6.225	6.010	5.412	2.318	1.955	11.084	12.182	55.263	0.306	16.910	980.000	0.262	Poor	False	Pending
chr14-91783159-91783160-T-A	647.TC2N.ENST00000435962.7.missense.471K/N					TC2N	K471N	4	NETVINPEKV	ENST00000435962.7	True	True	2	HLA-B*45:01	1	None	5	0	2476.251	2602.382	4.115	4.813	2.368	4.384	53.788	58.473	6.876	10.172	1.985	0.125	0.248	16.000	0.151	Poor	False	Pending
chr19-13765994-13765995-G-C	789.MRI1.ENST00000040663.8.missense.138R/T					MRI1	R138T	1	TEDMLEKDLT	ENST00000040663.8	True	True	1	HLA-B*45:01	10	None	1	0	4861.945	19176.812	4.659	12.066	3.774	10.421	44.224	48.806	12.139	24.209	24.532	0.201	4.931	389.000	0.224	Poor	False	Pending
chr22-26540809-26540810-G-T	849.TPST2.ENST00000338754.9.missense.274P/H					TPST2	P274H	1	IGKHGGVSL	ENST00000338754.9	True	True	1	HLA-B*82:02	4	None	1	0	5099.027	4989.872	4.799	2.233	7.812	5.839	0.512	0.260	3.019	1.290	28.333	0.210	5.950	371.000	0.203	Poor	False	Pending
chrX-9967396-9967397-G-A	887.CLDN34.ENST00000445307.4.missense.14V/I					CLDN34	V14I	1	FSIFALTTI	ENST00000445307.4	True	True	NA	HLA-C*06:02	3	None	6	0	2706.138	5120.059	3.278	6.100	3.080	5.465	7.379	6.734	9.177	11.646	0.013	1.000	0.013	1.000	0.989	Poor	False	Pending
chr8-125102410-125102411-G-C	427.NSMCE2.ENST00000287437.8.missense.27L/F					NSMCE2	L27F	1	VESALSSFK	ENST00000287437.8	True	True	1	HLA-B*45:01	8	None	1	0	5585.215	5058.075	9.446	7.404	4.835	3.691	53.397	53.160	15.180	9.452	78.578	0.242	19.016	996.000	0.262	Poor	False	Pending
chr9-37784015-37784016-T-A	458.EXOSC3.ENST00000327304.10.missense.124K/N					EXOSC3	K124N	1	VTANSGDIF	ENST00000327304.10	True	True	1	HLA-A*29:02	4	None	1	0	6920.212	9886.519	6.401	8.027	8.771	12.404	3.625	6.371	8.504	8.869	28.784	0.533	15.342	255.000	0.480	Poor	False	Pending
chr11-6410863-6410864-C-T	545.APBB1.ENST00000609360.6.missense.162E/K					APBB1	E162K	3	GEAEEEEKD	ENST00000609360.6	True	True	5	HLA-B*45:01	8	None	1	0	3743.879	2485.221	7.436	6.990	5.156	3.698	56.706	53.612	38.393	46.821	6.678	1.000	6.678	65.000	1.000	Poor	True	Pending
chr4-40808808-40808809-A-G	234.NSUN7.ENST00000381782.7.missense.676Y/C				1	NSUN7	Y676C	1	TQHLCCRWVA	ENST00000381782.7	True	True	1	HLA-B*45:01	5	5,6	6	1	1915.975	1654.863	5.634	4.671	3.079	2.705	8.052	3.468	35.398	19.228	0.405	0.333	0.135	6.000	0.471	Poor	False	Pending
chr13-98431277-98431278-G-T	618.FARP1.ENST00000319562.11.missense.714R/L					FARP1	R714L	3	LAALAEITEM	ENST00000319562.11	True	True	1	HLA-B*82:02	1	None	6	0	12211.070	11858.500	8.739	6.373	7.318	6.373	9.618	5.260	16.160	11.719	26.190	0.994	26.033	169.000	1.000	Poor	False	Pending
chr17-7675087-7675088-C-T	736.TP53.ENST00000269305.9.missense.175R/H					TP53	R175H	17	QHMTEVVRH	ENST00000269305.9	True	True	1	HLA-A*29:02	9	None	2	0	18290.766	27172.470	18.496	24.259	19.625	24.259	25.684	40.402	4.299	7.006	165.032	1.000	165.032	1415.000	0.989	Poor	False	Pending
chr17-7588499-7588500-G-C	734.SOX15.ENST00000250055.3.missense.194Q/E					SOX15	Q194E	2	LPESDPRL	ENST00000250055.3	True	True	1	HLA-B*82:02	3	None	2	0	4506.610	2768.490	2.981	2.332	3.887	2.332	12.482	8.848	2.644	1.808	0.580	0.692	0.401	13.000	0.722	Poor	False	Pending
chr8-125028638-125028639-T-C	425.WASHC5.ENST00000318410.12.missense.1135Y/C					WASHC5	Y1135C	2	VRCTKLPRRV	ENST00000318410.12	True	True	1	HLA-C*06:02	3	3	2	0	5372.837	1162.557	8.564	0.994	3.400	0.968	14.642	4.823	16.379	2.750	65.088	0.212	13.799	448.000	0.139	Poor	False	Pending
chr12-31697921-31697922-G-T	583.AMN1.ENST00000281471.11.missense.118H/N					AMN1	H118N	3	YLNEASLKR	ENST00000281471.11	True	True	1	HLA-A*29:02	3	None	3	0	4657.374	5058.459	4.856	4.669	4.013	4.232	12.374	12.510	9.000	10.616	15.000	0.178	2.670	73.000	0.453	Poor	False	Pending
chr19-17052841-17052842-C-G	801.HAUS8.ENST00000253669.10.missense.304K/N					HAUS8	K304N	3	SELKDVTAKN	ENST00000253669.10	True	True	1	HLA-B*45:01	10	None	1	0	4520.045	7503.075	7.099	5.636	4.188	4.778	62.762	58.915	19.132	3.998	10.348	0.602	6.229	98.000	0.548	Poor	False	Pending
chr9-137199427-137199428-T-A	475.TPRN.ENST00000409012.6.missense.428E/D					TPRN	E428D	1	LPAASDEAEPA	ENST00000409012.6	True	True	1	HLA-B*82:02	6	None	2	0	3300.450	3801.705	7.575	7.874	1.812	1.812	32.373	35.049	14.485	19.232	10.805	0.333	3.598	93.000	0.296	Poor	False	Pending
chr4-176120050-176120052-AG-GA	252.WDR17.ENST00000508596.6.missense.164-165KV/KI					WDR17	KV164-165KI	3	HTHQKGKIV	ENST00000508596.6	True	True	1	HLA-C*06:02	8	None	2	0	2657.255	2338.375	4.120	4.828	2.784	2.476	17.414	26.546	17.779	18.366	0.514	NA	NA	NA	0.508	Poor	False	Pending
chr2-71611503-71611504-C-G	126.DYSF.ENST00000410020.8.missense.1367L/V				1	DYSF	L1367V	11	RNMKSYQVA	ENST00000410020.8	True	True	1	HLA-B*45:01	8	None	3	1	3710.915	5311.435	3.517	4.524	1.908	3.447	1.332	3.896	16.336	36.808	0.119	1.000	0.119	2.000	1.000	Poor	False	Pending
chr7-27130623-27130624-C-T	339.HOXA4.ENST00000360046.10.missense.37G/D					HOXA4	G37D	1	GGPDGGPGY	ENST00000360046.10	True	True	1	HLA-A*29:02	4	None	1	0	5038.820	5061.965	3.665	3.628	3.665	3.628	6.630	7.924	2.978	2.550	1.689	0.375	0.633	16.000	0.375	Poor	False	Pending
chr6-152325133-152325134-C-T	331.SYNE1.ENST00000367255.10.missense.5203E/K					SYNE1	E5203K	2	VAQDQKKIL	ENST00000367255.10	True	True	1	HLA-C*06:02	6	None	1	0	4076.189	4698.510	5.988	5.821	5.364	8.128	12.366	3.403	5.300	4.456	5.739	0.286	1.641	7.000	0.323	Poor	False	Pending
chr15-43149136-43149137-G-C	673.TMEM62.ENST00000260403.7.missense.284W/C					TMEM62	W284C	1	EVGDCKDNRRY	ENST00000260403.7	True	True	1	HLA-A*29:02	5	5	2	0	5640.810	4672.750	6.111	5.219	5.486	5.219	7.685	13.172	6.866	2.446	3.179	1.000	3.179	39.000	0.960	Poor	False	Pending
chr7-92077866-92077867-G-C	361.AKAP9.ENST00000356239.8.missense.2313D/H					AKAP9	D2313H	1	KITTHNKVI	ENST00000356239.8	True	True	1	HLA-C*06:02	5	None	1	0	9351.740	21632.223	11.008	21.557	7.935	23.197	14.080	11.726	13.016	19.871	36.250	0.408	14.790	238.000	0.412	Poor	False	Pending
chr3-56617278-56617279-G-C	198.CCDC66.ENST00000394672.8.missense.671E/Q					CCDC66	E671Q	1	TQDKGASLQ	ENST00000394672.8	True	True	1	HLA-C*06:02	9	None	1	0	19218.256	18459.341	32.600	36.113	21.862	22.701	34.198	37.436	41.827	44.320	24.974	1.000	24.974	133.000	1.000	Poor	False	Pending
chrX-107601385-107601386-G-T	941.FRMPD3.ENST00000683843.1.missense.1116S/I					FRMPD3	S1116I	3	KRIKLEETSLV	ENST00000683843.1	True	True	NA	HLA-C*06:02	3	None	3	0	2279.417	3902.687	8.050	7.341	6.679	5.718	15.728	14.742	10.266	15.272	0.100	0.500	0.050	4.000	0.391	Poor	False	Pending
chr18-80138228-80138229-G-T	775.ADNP2.ENST00000262198.9.missense.939R/I					ADNP2	R939I	1	ISAPKDSSSDL	ENST00000262198.9	True	True	1	HLA-B*82:02	1	None	1	0	17401.420	16826.730	16.479	18.796	15.501	8.357	20.270	27.452	17.722	22.046	19.521	0.959	18.721	122.000	1.000	Poor	False	Pending
chr9-120858190-120858191-G-A	464.PHF19.ENST00000373896.8.missense.499P/L					PHF19	P499L	3	LSDSSAEGASV	ENST00000373896.8	True	True	2	HLA-B*82:02	1	None	5	0	17606.320	34318.540	26.653	55.968	21.790	45.960	36.549	55.549	36.336	60.294	47.989	0.447	21.451	103.000	0.517	Poor	False	Pending
chr5-7886679-7886680-G-C	261.MTRR.ENST00000440940.7.missense.375E/Q				1	MTRR	E375Q	2	QIRAIPKKAF	ENST00000440940.7	True	True	1	HLA-B*82:02	1	None	4	1	14777.560	14145.360	10.092	11.894	10.092	13.623	14.712	15.916	11.956	7.921	64.271	0.204	13.111	372.000	0.194	Poor	False	Pending
chr7-97006043-97006044-G-C	376.DLX6.ENST00000518156.3.missense.23E/Q					DLX6	E23Q	1	FMQFGQQQQ	ENST00000518156.3	True	True	1	HLA-A*29:02	3	None	2	0	4505.550	6295.350	7.148	10.744	6.211	10.290	39.594	41.330	18.902	21.490	2.584	0.424	1.096	33.000	0.411	Poor	False	Pending
chr1-223264671-223264672-G-C	83.SUSD4.ENST00000366878.9.missense.228L/V					SUSD4	L228V	9	VIWSSSPPR	ENST00000366878.9	True	True	1	HLA-A*29:02	1	None	2	0	9344.649	8282.775	7.251	7.780	7.251	6.733	56.641	60.137	4.942	8.097	24.362	0.203	4.945	236.000	0.374	Poor	False	Pending
chr1-183880710-183880711-A-C	66.RGL1.ENST00000360851.4.missense.174Y/S					RGL1	Y174S	2	KLLDSLTRM	ENST00000360851.4	True	True	1	HLA-A*29:02	5	None	3	0	5795.192	3727.115	3.742	1.633	4.309	3.130	3.761	1.069	2.306	1.342	0.461	0.286	0.132	7.000	0.300	Poor	False	Pending
chr15-40622779-40622780-C-T	672.KNL1.ENST00000399668.7.missense.839P/L					KNL1	P839L	1	FLKEKQNV	ENST00000399668.7	True	True	1	HLA-C*06:02	2	None	1	0	7683.072	13539.701	9.204	22.528	8.440	22.528	48.071	47.966	20.167	22.558	13.527	0.492	6.655	128.000	0.444	Poor	False	Pending
chr15-40622778-40622779-C-T	668.KNL1.ENST00000399668.7.missense.839P/S					KNL1	P839S	1	FLKEKQNV	ENST00000399668.7	True	True	1	HLA-C*06:02	2	None	1	0	7683.072	13539.701	9.204	22.528	8.440	22.528	48.071	47.966	20.167	22.558	13.527	0.492	6.655	128.000	0.444	Poor	False	Pending
chr3-186164997-186164998-C-T	229.DGKG.ENST00000265022.8.missense.706E/K					DGKG	E706K	3	LSDQLLKVV	ENST00000265022.8	True	True	1	HLA-C*06:02	7	None	1	0	4161.532	2990.116	7.452	10.540	5.365	8.270	30.444	37.344	14.327	26.681	0.612	1.000	0.612	2.000	0.518	Poor	False	Pending
chr8-123220246-123220247-C-A	424.C8orf76.ENST00000276704.6.missense.333E/D					C8orf76	E333D	1	IKDEVHPDV	ENST00000276704.6	True	True	1	HLA-C*06:02	8	None	4	0	9317.899	7302.102	13.818	8.873	12.250	9.653	15.889	23.721	13.818	5.223	45.915	0.173	7.943	352.000	0.129	Poor	False	Pending
chr19-422192-422193-G-C	776.SHC2.ENST00000264554.11.missense.525H/D					SHC2	H525D	1	GQYVLTGMDA	ENST00000264554.11	True	True	1	HLA-B*45:01	9	None	1	0	6169.080	5379.565	6.482	4.552	6.482	6.964	6.842	4.029	8.100	5.160	8.139	0.070	0.570	115.000	0.110	Poor	False	Pending
chr14-32773880-32773881-G-T	631.AKAP6.ENST00000280979.9.missense.1192M/I					AKAP6	M1192I	2	IGKESETL	ENST00000280979.9	True	True	1	HLA-C*06:02	1	None	2	0	11339.865	8491.965	16.407	24.348	15.847	18.223	30.444	66.938	18.532	36.392	2.905	1.000	2.905	6.000	0.607	Poor	False	Pending
chr17-4818361-4818376-TGGACAGAATCCTGAA-T	731.PLD2.ENST00000263088.11.inframe_del.662-667VDRILK/V	1				PLD2	VDRILK662-667V	2	DEIVAHKQG	ENST00000263088.11	True	True	1	HLA-B*45:01	1, 2, 3, 4	None	4	1	12633.483	42366.415	7.171	73.255	7.171	73.255	52.024	72.855	13.525	73.716	35.110	0.012	0.421	328.000	0.225	Poor	False	Pending
chr22-37570267-37570268-C-G	853.LGALS2.ENST00000215886.6.missense.132E/Q					LGALS2	E132Q	1	NMSSFKLKQ	ENST00000215886.6	True	True	1	HLA-A*29:02	9	None	1	0	8035.339	10549.743	7.409	11.528	6.756	11.287	10.922	10.676	24.305	35.558	0.067	0.222	0.015	9.000	0.484	Poor	False	Pending
chrX-68717715-68717716-G-A	922.STARD8.ENST00000374599.8.missense.268G/S					STARD8	G268S	1	AKNWAATSAS	ENST00000374599.8	True	True	1	HLA-B*45:01	10	None	1	0	13320.041	13900.996	10.005	11.738	8.781	8.658	25.374	33.272	57.648	54.546	0.753	1.000	0.753	3.000	1.000	Poor	False	Pending
chr15-40622778-40622780-CC-TT	670.KNL1.ENST00000399668.7.missense.839P/L					KNL1	P839L	1	FLKEKQNV	ENST00000399668.7	True	True	1	HLA-C*06:02	2	None	1	0	7683.072	13539.701	9.204	22.528	8.440	22.528	48.071	47.966	20.167	22.558	13.527	NA	NA	NA	0.450	Poor	False	Pending
chr1-227091906-227091907-GC-G	94.CDC42BPA.ENST00000366766.8.FS.778GC/G					CDC42BPA	FS778	1	EKVLLTEENKN	ENST00000366766.8	True	True	5	HLA-B*45:01	11	None	1	0	35971.633	34029.982	58.746	43.863	52.790	43.863	59.757	51.090	61.466	20.286	40.050	0.061	2.443	312.000	0.236	Poor	False	Pending
chr16-49281350-49281351-C-T	718.CBLN1.ENST00000219197.11.missense.39D/N					CBLN1	D39N	1	NSNPTSDPT	ENST00000219197.11	True	True	1	HLA-B*45:01	1	None	1	0	25763.496	27295.461	26.023	36.995	21.168	31.064	23.758	35.421	43.524	38.220	0.713	0.400	0.285	5.000	0.215	Poor	False	Pending
chr22-37374977-37374978-G-A	852.ELFN2.ENST00000402918.7.missense.186P/L					ELFN2	P186L	1	ELAGNLFN	ENST00000402918.7	True	True	4	HLA-A*29:02	6	None	8	0	32952.840	34777.657	58.192	67.264	58.192	62.152	25.950	51.307	65.800	73.848	0.890	0.368	0.328	19.000	0.168	Poor	False	Pending
chr11-20638483-20638484-T-A	546.SLC6A5.ENST00000525748.6.missense.632V/E	3				SLC6A5	V632E	1	YMFQLEDTY	ENST00000525748.6	True	True	1	HLA-A*29:02	6	None	13	3	11.739	9.048	0.045	0.023	0.021	0.014	0.356	0.306	0.070	0.053	0.006	0.000	0.000	1.000	0.452	NoExpr	False	Pending
chr22-46257698-46257699-G-A	870.PKDREJ.ENST00000253255.7.missense.1875T/I	7				PKDREJ	T1875I	1	YSYGLLHIY	ENST00000253255.7	True	True	NA	HLA-A*29:02	8	None	15	7	29.074	23.750	0.044	0.022	0.044	0.023	0.220	0.264	0.048	0.014	0.020	0.000	0.000	1.000	0.270	NoExpr	False	Pending
chr20-59301546-59301547-G-T	837.EDN3.ENST00000337938.7.missense.64G/W		1			EDN3	G64W	6	GEWTVAPTA	ENST00000337938.7	True	True	1	HLA-B*45:01	3	None	5	1	42.900	80.962	0.038	0.059	0.024	0.053	42.788	24.100	0.534	0.154	0.019	0.000	0.000	0.000	0.220	NoExpr	False	Pending
chr6-29374537-29374538-G-C	300.OR12D3.ENST00000396806.3.missense.250F/L	7				OR12D3	F250L	1	LYGPVGFTY	ENST00000396806.3	True	True	NA	HLA-A*29:02	1	None	12	7	34.568	19.883	0.053	0.016	0.065	0.019	0.214	0.114	0.008	0.002	0.006	0.000	0.000	0.000	0.398	NoExpr	False	Pending
chr18-60371739-60371740-T-G	773.MC4R.ENST00000299766.5.missense.204M/L	4				MC4R	M204L	1	LLALMASLY	ENST00000299766.5	True	True	NA	HLA-A*29:02	1	None	13	4	28.452	10.523	0.108	0.061	0.040	0.007	0.223	0.246	0.472	0.426	0.000	0.000	0.000	0.000	1.000	NoExpr	False	Pending
chr10-60186848-60186849-G-T	491.ANK3.ENST00000280772.7.missense.651L/M	3	3			ANK3	L651M	3	MEYGADANA	ENST00000280772.7	True	True	1	HLA-B*45:01	1	None	9	6	51.332	157.136	0.140	0.525	0.054	0.261	12.844	17.841	0.413	0.948	0.163	0.000	0.000	0.000	0.134	NoExpr	False	Pending
chr2-195816717-195816718-T-G	170.DNAH7.ENST00000312428.11.missense.3224E/A	4		1		DNAH7	E3224A	1	ANIAPMYQY	ENST00000312428.11	True	True	1	HLA-A*29:02	4	None	12	5	53.748	70.854	0.166	0.202	0.158	0.174	0.504	0.420	0.366	0.280	0.478	0.000	0.000	0.000	0.167	NoExpr	False	Pending
chr2-222689427-222689428-G-T	179.MOGAT1.ENST00000446656.4.missense.146W/L	4				MOGAT1	W146L	1	YLHVLPLLF	ENST00000446656.4	True	True	5	HLA-A*29:02	8	None	12	4	62.474	373.758	0.168	0.990	0.170	0.990	0.204	0.690	0.132	0.777	0.091	0.000	0.000	2.000	0.349	NoExpr	False	Pending
chr14-91235009-91235029-GGTACAGCTCATCGAGGAGTT-G	644.GPR68.ENST00000650645.1.FS.8-14GGTACAGCTCATCGAGGAGTT/G	1		4	2	GPR68	FS8-14	3	VRAAARQLV	ENST00000650645.1	True	True	NA	HLA-C*06:02	NA	None	15	7	73.376	NA	0.185	NA	0.150	NA	1.823	NA	0.706	NA	0.177	0.000	0.000	34.000	0.093	NoExpr	False	Pending
chr9-81992222-81992223-C-G	462.SPATA31D1.ENST00000344803.3.missense.585Q/E			1		SPATA31D1	Q585E	1	QPESPFRAL	ENST00000344803.3	True	True	2	HLA-B*82:02	3	None	3	1	187.910	99.603	0.062	0.019	0.066	0.019	0.105	0.059	0.024	0.009	0.000	1.000	0.000	2.000	0.693	NoExpr	False	Pending
chr15-69049033-69049034-G-C	699.NOX5.ENST00000388866.8.missense.659D/H		1			NOX5	D659H	5	LEMHQAEEA	ENST00000388866.8	True	True	1	HLA-B*45:01	4	None	5	1	116.011	142.262	0.244	0.224	0.088	0.090	11.568	11.481	0.390	0.438	0.160	0.000	0.000	0.000	0.396	NoExpr	False	Pending
chr17-11784434-11784435-G-C	755.DNAH9.ENST00000262442.9.missense.2653D/H			1		DNAH9	D2653H	2	IPPLIHLAL	ENST00000262442.9	True	True	1	HLA-B*82:02	6	None	7	1	188.823	715.760	0.162	0.409	0.098	0.409	0.130	0.666	0.320	1.297	0.061	0.000	0.000	0.000	0.349	NoExpr	False	Pending
chr11-59364558-59364559-T-A	554.OR5AN1.ENST00000641998.1.missense.34V/E	3	1			OR5AN1	V34E	3	VLFTIFLEIY	ENST00000641998.1	True	True	NA	HLA-A*29:02	8	None	9	4	53.387	63.505	0.417	0.298	0.180	0.199	0.353	0.347	2.072	2.502	0.154	0.000	0.000	0.000	0.116	NoExpr	False	Pending
chr11-56542446-56542447-T-C	550.OR5M11.ENST00000528616.5.missense.271K/E		2			OR5M11	K271E	1	SEIIAVFYT	ENST00000528616.5	True	True	NA	HLA-B*45:01	2	None	14	2	132.820	14332.977	0.339	17.080	0.217	8.994	36.942	43.522	1.243	24.031	0.000	0.000	0.000	0.000	0.291	NoExpr	False	Pending
chr16-25221522-25221523-G-C	715.AQP8.ENST00000219660.6.missense.109M/I	2				AQP8	M109I	2	LNLVILLPY	ENST00000219660.6	True	True	1	HLA-A*29:02	5	None	5	2	67.052	74.412	0.426	0.506	0.370	0.311	0.435	0.508	1.142	1.355	0.000	0.000	0.000	0.000	0.247	NoExpr	False	Pending
chr19-8969814-8969831-ACGTGGAATTTCCTTGTG-A	787.MUC16.ENST00000397910.8.FS.3175-3180ACGTGGAATTTCCTTGTG/A	2			2	MUC16	FS3175-3180	1	HRNHITNQV	ENST00000397910.8	False	True	5	HLA-C*06:02	NA	None	15	4	212.282	NA	0.230	NA	0.203	NA	2.825	NA	0.138	NA	0.003	0.000	0.000	0.000	0.750	NoExpr	False	Pending
chr5-136274698-136274699-C-T	272.TRPC7.ENST00000513104.6.missense.368A/T	2				TRPC7	A368T	2	GLPFLAITY	ENST00000513104.6	True	True	5	HLA-A*29:02	8	None	6	2	192.235	144.452	0.334	0.324	0.334	0.294	0.558	0.848	0.296	0.346	0.005	0.000	0.000	0.000	0.366	NoExpr	False	Pending
chr6-10801907-10801908-C-G	292.MAK.ENST00000354489.7.missense.272R/P			1		MAK	R272P	5	KPPTASQAL	ENST00000354489.7	True	True	5	HLA-B*82:02	2	None	2	1	281.920	18082.797	0.341	8.252	0.341	11.592	0.718	15.650	0.242	7.714	0.038	0.000	0.000	1.000	0.323	NoExpr	False	Pending
chr7-132508196-132508197-C-A	390.PLXNA4.ENST00000321063.9.missense.166S/I		1			PLXNA4	S166I	4	NEIGSVFGV	ENST00000321063.9	True	True	5	HLA-B*45:01	3	None	7	1	315.684	319.741	0.300	0.481	0.300	0.341	9.780	22.313	0.330	0.653	0.575	0.000	0.000	2.000	0.281	NoExpr	False	Pending
chr2-110933496-110933497-G-A	138.ACOXL.ENST00000439055.6.missense.305G/E		1			ACOXL	G305E	3	AEALLDEDV	ENST00000439055.6	True	True	2	HLA-B*45:01	2	None	8	1	185.903	15206.066	0.542	18.203	0.368	12.251	34.258	21.544	1.764	52.278	0.188	0.000	0.000	2.000	1.000	NoExpr	False	Pending
chr6-122781239-122781240-C-G	330.FABP7.ENST00000356535.4.missense.132P/A				1	FABP7	P132A	1	FSSAHTSHL	ENST00000356535.4	False	False	1	HLA-C*06:02	4	None	13	1	282.405	115.650	0.536	0.185	0.518	0.202	15.492	11.496	0.506	0.040	0.317	0.000	0.000	0.000	0.362	NoExpr	False	Pending
chr17-3433668-3433669-G-T	728.OR1E2.ENST00000248384.1.missense.58P/H	1				OR1E2	P58H	1	HLHTHVYLF	ENST00000248384.1	True	True	NA	HLA-A*29:02	5	None	6	1	428.972	544.771	0.384	0.675	0.411	0.675	0.398	0.774	0.249	0.563	0.000	0.000	0.000	2.000	0.312	NoExpr	False	Pending
chr17-41771694-41771736-GTGTACTGGCGCCCGCAGGCCTCATCCTCCTCCATGATGCCCT-G	760.JUP.ENST00000393931.8.inframe_del.40-54KGIMEEDEACGRQYT/T	1				JUP	KGIMEEDEACGRQYT40-54T	3	STLKKTTTY	ENST00000393931.8	True	True	1	HLA-A*29:02	1	None	4	1	370.972	65.863	0.532	0.129	0.566	0.140	0.512	0.226	0.092	0.038	7.210	0.000	0.000	5.000	0.224	NoExpr	False	Pending
chr5-115130597-115130604-ACTAACTG-A	266.TRIM36.ENST00000513154.6.FS.595-597ACTAACTG/A				1	TRIM36	FS595-597	3	VRMPVLIL	ENST00000513154.6	True	True	2	HLA-C*06:02	NA	None	11	1	435.525	NA	0.621	NA	0.621	NA	0.638	NA	0.532	NA	1.136	0.000	0.000	0.000	0.920	NoExpr	False	Pending
chr21-30755335-30755336-C-T	844.KRTAP21-1.ENST00000335093.5.missense.15G/S	2				KRTAP21-1	G15S	1	YGSSCGCGY	ENST00000335093.5	True	True	NA	HLA-A*29:02	4	5,7	3	2	256.025	300.112	1.127	1.106	0.816	0.695	2.013	1.708	1.915	2.047	0.000	0.000	0.000	0.000	0.470	NoExpr	True	Pending
chr3-38698510-38698511-G-A	189.SCN10A.ENST00000449082.3.missense.1570T/M	2		2		SCN10A	T1570M	3	QSYFSPMLF	ENST00000449082.3	True	True	1	HLA-A*29:02	7	None	15	4	383.670	756.058	0.907	1.676	0.907	1.676	2.212	3.033	0.495	0.967	0.004	0.000	0.000	0.000	0.273	NoExpr	False	Pending
chr14-70060889-70060890-C-G	639.SLC8A3.ENST00000356921.7.missense.612E/Q		1			SLC8A3	E612Q	3	YERQQNFFIA	ENST00000356921.7	True	True	1	HLA-B*45:01	5	None	8	1	234.037	162.670	1.199	0.851	0.224	0.244	6.488	1.590	1.096	0.678	0.023	0.000	0.000	0.000	1.000	NoExpr	False	Pending
chr6-30986467-30986468-T-C	302.MUC21.ENST00000376296.3.missense.98V/A					MUC21	V98A	1	SEFSTASSGI	ENST00000376296.3	True	True	1	HLA-B*45:01	6	None	4	0	557.875	495.652	0.901	0.887	0.774	0.634	60.060	59.448	28.527	20.146	0.123	0.000	0.000	0.000	0.662	NoExpr	True	Pending
chr4-114833618-114833619-A-G	243.NDST4.ENST00000264363.7.missense.795S/P	1			1	NDST4	S795P	1	TPRYNYPEAL	ENST00000264363.7	True	True	1	HLA-B*82:02	7	None	5	2	791.940	536.560	0.436	0.299	0.475	0.188	0.296	0.353	0.382	0.312	0.003	0.000	0.000	0.000	0.187	NoExpr	False	Pending
chr11-63290369-63290370-G-A	557.SLC22A10.ENST00000332793.11.missense.69E/K		1			SLC22A10	E69K	2	NETGILSKDA	ENST00000332793.11	True	True	1	HLA-B*45:01	8	None	3	1	473.730	288.203	1.091	0.930	0.787	0.524	38.004	40.811	1.916	9.572	0.070	0.000	0.000	0.000	0.553	NoExpr	False	Pending
chr15-94399982-94399983-G-T	706.MCTP2.ENST00000357742.10.missense.651K/N					MCTP2	K651N	3	SRNLSKKIL	ENST00000357742.10	True	True	1	HLA-C*06:02	3	None	5	0	667.361	970.516	0.793	1.503	0.446	0.781	24.445	32.535	1.865	3.750	0.138	0.000	0.000	0.000	0.203	NoExpr	False	Pending
chr14-23425383-23425384-T-G	624.MYH7.ENST00000355349.4.missense.774E/A		1			MYH7	E774A	1	AEMRDERLS	ENST00000355349.4	True	True	1	HLA-B*45:01	1	None	4	1	414.521	1287.734	1.184	1.751	0.703	1.250	46.110	45.543	1.981	3.042	0.005	0.000	0.000	0.000	0.192	NoExpr	True	Pending
chr6-73363141-73363172-CTTGATTCACGTGAATCGATTGGACCCTAACG-C	320.KHDC3L.ENST00000370367.4.FS.73-83CTTGATTCACGTGAATCGATTGGACCCTAACG/C	1				KHDC3L	FS73-83	1	QIARLRSWY	ENST00000370367.4	True	True	1	HLA-A*29:02	NA	None	10	1	423.668	NA	1.268	NA	1.214	NA	1.728	NA	1.214	NA	0.000	0.000	0.000	0.000	0.113	NoExpr	False	Pending
chr11-64593669-64593670-G-C	568.SLC22A12.ENST00000377574.6.missense.233V/L	1				SLC22A12	V233L	3	LMTLNSLGF	ENST00000377574.6	True	True	1	HLA-A*29:02	1	None	11	1	463.644	438.972	1.288	1.487	1.122	1.008	4.614	3.276	2.691	2.494	0.000	0.000	0.000	0.000	0.155	NoExpr	False	Pending
chrX-32389609-32389610-C-T	889.DMD.ENST00000357033.9.missense.1470R/H					DMD	R1470H	3	KPANFEQHL	ENST00000357033.9	True	True	1	HLA-B*82:02	8	None	1	0	1156.462	1504.541	0.588	0.746	0.627	0.765	0.589	0.933	0.220	0.172	3.178	0.000	0.000	0.000	1.000	NoExpr	False	Pending
chr6-73363176-73363177-AG-A	321.KHDC3L.ENST00000370367.4.FS.84AG/A					KHDC3L	FS84	1	NRLDPNGEL	ENST00000370367.4	True	True	1	HLA-C*06:02	9	None	9	0	805.295	4516.767	0.885	10.628	0.690	3.579	23.504	48.924	5.809	27.577	0.000	0.000	0.000	0.000	0.085	NoExpr	False	Pending
chr2-106830076-106830077-G-C	136.ST6GAL2.ENST00000409382.8.missense.436S/C					ST6GAL2	S436C	3	QPNPPSCGF	ENST00000409382.8	True	True	1	HLA-B*82:02	7	7	5	0	1449.620	573.700	0.350	0.257	0.417	0.414	0.328	0.328	0.239	0.069	0.080	0.000	0.000	1.000	0.694	NoExpr	False	Pending
chr2-227893862-227893863-C-T	180.DAW1.ENST00000309931.3.missense.129T/M					DAW1	T129M	1	NMLEGHRNVVY	ENST00000309931.3	True	True	1	HLA-A*29:02	2	None	8	0	685.742	1333.657	1.252	2.278	1.106	1.270	6.074	6.864	1.284	2.751	0.488	0.000	0.000	0.000	0.336	NoExpr	False	Pending
chr11-58190707-58190708-A-T	551.OR9Q2.ENST00000641291.1.missense.73Y/F					OR9Q2	Y73F	1	FSSAIIPQM	ENST00000641291.1	True	True	NA	HLA-C*06:02	1	None	3	0	593.040	532.145	1.421	1.384	1.498	1.435	6.492	12.076	0.591	0.820	0.008	0.000	0.000	0.000	0.514	NoExpr	True	Pending
chr11-5968293-5968294-G-C	530.OR56A5.ENST00000532411.2.missense.67S/R					OR56A5	S67R	1	YYLLRLLSL	ENST00000532411.2	True	True	NA	HLA-C*06:02	5	None	9	0	1025.500	3356.741	0.834	2.625	0.927	2.467	1.639	5.522	0.152	5.142	0.000	1.000	0.000	2.000	1.000	NoExpr	False	Pending
chr14-26448937-26448938-G-C	627.NOVA1.ENST00000539517.7.missense.182T/R					NOVA1	T182R	2	VPNSRAGLI	ENST00000539517.7	True	True	1	HLA-B*82:02	5	None	3	0	1188.054	1566.800	0.870	1.123	0.647	0.766	3.142	2.732	1.358	3.842	0.694	0.000	0.000	2.000	0.462	NoExpr	False	Pending
chr4-110559663-110559664-G-C	242.ENPEP.ENST00000265162.10.missense.887R/T					ENPEP	R887T	1	NRYTLNNTNL	ENST00000265162.10	True	True	1	HLA-C*06:02	8	None	3	0	766.820	622.093	1.414	1.117	0.516	0.428	5.378	4.362	2.026	2.882	0.032	0.000	0.000	0.000	0.239	NoExpr	False	Pending
chr1-45058674-45058675-G-A	26.ZSWIM5.ENST00000359600.6.missense.396L/F					ZSWIM5	L396F	1	FVADPRFTL	ENST00000359600.6	True	True	1	HLA-B*82:02	7	None	4	0	1748.560	1317.810	0.425	0.477	1.118	0.682	0.936	1.830	0.312	0.258	0.606	0.000	0.000	0.000	0.354	NoExpr	False	Pending
chr1-207623001-207623002-C-G	76.CR1.ENST00000367049.9.missense.2429S/C					CR1	S2429C	5	GTLCGTIFF	ENST00000367049.9	True	True	5	HLA-A*29:02	4	4	3	0	966.865	587.027	1.360	0.778	1.094	0.793	1.452	1.274	2.369	0.712	0.135	0.000	0.000	0.000	0.285	NoExpr	False	Pending
chrX-141003559-141003560-C-G	943.SPANXB1.ENST00000449283.2.missense.74L/V					SPANXB1	L74V	1	EELVNDHA	ENST00000449283.2	True	True	1	HLA-B*45:01	4	None	6	0	780.889	796.971	1.636	1.467	1.330	1.348	18.688	18.459	1.800	1.496	0.000	0.000	0.000	0.000	0.830	NoExpr	True	Pending
chr7-117548739-117548740-G-T	381.CFTR.ENST00000003084.11.missense.437G/C					CFTR	G437C	1	FFSNFSLLC	ENST00000003084.11	True	True	1	HLA-A*29:02	9	9	4	0	1740.440	1375.580	0.786	1.314	0.786	1.314	0.306	0.598	5.277	9.508	1.844	0.000	0.000	0.000	0.116	NoExpr	False	Pending
chr5-150120064-150120065-G-A	281.PDGFRB.ENST00000261799.9.missense.882T/I					PDGFRB	T882I	1	YTILSDVWSF	ENST00000261799.9	True	True	1	HLA-A*29:02	3	None	5	0	685.144	1395.395	2.080	3.783	1.489	2.140	6.139	8.396	2.958	7.981	0.280	0.000	0.000	6.000	0.291	NoExpr	False	Pending
chr11-124319973-124319974-G-A	575.OR8D2.ENST00000624618.2.missense.75S/F	1				OR8D2	S75F	1	YSFVITPKM	ENST00000624618.2	True	True	NA	HLA-C*06:02	3	None	10	1	937.560	1485.980	1.616	2.722	1.303	2.978	35.764	36.223	1.777	1.075	0.000	0.000	0.000	0.000	1.000	NoExpr	False	Pending
chr15-44767453-44767453-T-TC	680.TRIM69.ENST00000329464.9.FS.395T/TC					TRIM69	FS395	6	SEGQLSSNS	ENST00000329464.9	True	True	1	HLA-B*45:01	NA	None	1	0	880.756	NA	1.699	NA	1.464	NA	51.367	NA	28.884	NA	21.208	0.000	0.000	4.000	0.324	NoExpr	False	Pending
chr10-115241629-115241630-G-A	494.ATRNL1.ENST00000355044.8.missense.531G/E					ATRNL1	G531E	1	NEAMLIFGG	ENST00000355044.8	True	True	1	HLA-B*45:01	2	None	6	0	764.315	27414.162	2.060	40.158	1.160	27.527	44.732	30.567	7.512	76.552	0.262	0.000	0.000	0.000	0.443	NoExpr	False	Pending
chr8-23368189-23368210-TGGCCACGTTGGCGGGGGCCTG-T	400.LOXL2.ENST00000389131.8.inframe_del.48-54QAPANVA/-					LOXL2	QAPANVA48-54-	1	APEYHQPKI	ENST00000389131.8	True	True	1	HLA-B*82:02	8, 9	None	7	0	2118.921	3723.191	0.763	0.912	1.139	1.656	0.455	0.489	0.378	0.689	102.877	0.000	0.000	110.000	0.706	NoExpr	False	Pending
chr6-47000271-47000272-C-T	317.ADGRF1.ENST00000371253.7.missense.895G/R				2	ADGRF1	G895R	2	TRDSSDNIM	ENST00000371253.7	True	True	1	HLA-C*06:02	2	None	3	2	402.964	11948.496	3.320	27.117	1.430	19.570	82.337	70.302	18.638	29.240	0.655	0.000	0.000	0.000	0.491	NoExpr	False	Pending
chr19-13931970-13931971-A-G	790.PODNL1.ENST00000588872.3.missense.523F/L			1		PODNL1	F523L	1	TPRLRALL	ENST00000588872.3	True	True	3	HLA-B*82:02	8	None	4	1	1529.680	2047.020	1.160	2.957	0.879	1.712	5.914	8.478	8.193	8.652	7.123	0.000	0.000	12.000	0.142	NoExpr	False	Pending
chr12-10159995-10159996-G-C	582.OLR1.ENST00000309539.8.missense.236Q/E	1	1			OLR1	Q236E	1	VRGAVSETY	ENST00000309539.8	True	True	1	HLA-C*06:02	7	None	8	2	657.589	326.696	2.825	0.866	1.261	0.466	59.362	40.292	3.828	1.477	0.273	0.000	0.000	0.000	0.195	NoExpr	False	Pending
chr19-50625545-50625546-G-A	810.SYT3.ENST00000600079.6.missense.474S/F					SYT3	S474F	3	FSDPYVKAF	ENST00000600079.6	True	True	1	HLA-C*06:02	9	None	5	0	1417.643	4654.364	1.449	13.002	1.697	7.091	13.995	7.132	0.778	16.024	0.000	0.000	0.000	0.000	0.540	NoExpr	False	Pending
chr1-204986102-204986103-C-G	74.NFASC.ENST00000513543.6.missense.923T/S					NFASC	T923S	4	KEFTSPEGV	ENST00000513543.6	False	False	1	HLA-B*45:01	5	None	9	0	795.956	826.173	2.254	1.693	1.206	1.363	46.548	47.258	5.136	4.490	0.974	0.000	0.000	0.000	0.596	NoExpr	False	Pending
chrX-7843975-7843976-C-T	884.VCX.ENST00000688183.1.missense.194P/L					VCX	P194L	4	VEEPLSQES	ENST00000688183.1	True	True	NA	HLA-B*45:01	5	None	5	0	1326.576	2515.045	1.550	1.828	1.461	1.923	23.753	16.802	1.938	1.058	0.000	0.000	0.000	0.000	1.000	NoExpr	True	Pending
chr19-8955983-8955984-G-A	786.MUC16.ENST00000397910.8.missense.6929S/F					MUC16	S6929F	1	STMGHTTVF	ENST00000397910.8	False	True	5	HLA-A*29:02	9	None	1	0	1715.029	18985.311	1.216	18.703	1.265	18.703	2.813	12.942	0.428	25.650	0.003	0.000	0.000	0.000	0.471	NoExpr	False	Pending
chr19-38802098-38802099-G-A	807.LGALS4.ENST00000307751.9.missense.240R/C					LGALS4	R240C	1	NPCMGNGTV	ENST00000307751.9	True	True	1	HLA-B*82:02	3	3	3	0	1228.340	793.399	1.668	0.547	0.916	0.444	29.413	10.938	19.076	7.842	0.232	0.000	0.000	0.000	1.000	NoExpr	False	Pending
chr1-37721680-37721681-G-T	17.EPHA10.ENST00000373048.9.missense.709L/M					EPHA10	L709M	2	FDHSHIVRM	ENST00000373048.9	True	True	5	HLA-C*06:02	9	None	6	0	1041.560	1378.990	2.162	1.440	2.481	1.342	16.026	16.764	1.196	0.947	0.059	0.000	0.000	0.000	0.382	NoExpr	False	Pending
chr14-39247882-39247883-G-C	635.MIA2.ENST00000640607.2.missense.437D/H					MIA2	D437H	3	TEHQIDKKPV	ENST00000640607.2	True	True	1	HLA-B*45:01	3	None	3	0	1228.378	2861.792	1.912	3.748	1.644	3.296	43.879	48.836	3.699	4.832	41.150	0.000	0.000	0.000	0.984	NoExpr	False	Pending
chr7-87424004-87424005-A-C	360.ABCB4.ENST00000649586.2.missense.704N/K					ABCB4	N704K	4	KLKKTEWPY	ENST00000649586.2	True	True	NA	HLA-A*29:02	3	None	2	0	1107.775	459.773	2.267	1.122	2.267	0.895	3.203	1.690	1.437	1.627	0.044	0.000	0.000	0.000	0.181	NoExpr	False	Pending
chr2-26458127-26458128-A-G	105.OTOF.ENST00000339598.8.missense.1202I/T					OTOF	I1202T	2	YKWLIIKTV	ENST00000339598.8	False	False	1	HLA-C*06:02	8	None	3	0	2012.062	2523.909	1.361	5.119	1.996	6.422	8.718	4.386	0.643	3.687	0.281	0.000	0.000	0.000	0.995	NoExpr	False	Pending
chr11-123943666-123943667-G-C	574.OR6T1.ENST00000321252.3.missense.58Q/E					OR6T1	Q58E	1	RLHIEMYFF	ENST00000321252.3	True	True	NA	HLA-A*29:02	5	None	13	0	1515.162	1031.361	1.762	1.454	2.028	1.479	0.810	0.981	2.386	2.132	0.000	0.000	0.000	0.000	0.448	NoExpr	False	Pending
chr11-193734-193735-G-A	518.SCGB1C1.ENST00000342878.3.missense.27D/N					SCGB1C1	D27N	1	NEFFMDFLQT	ENST00000342878.3	True	True	1	HLA-B*45:01	1	None	4	0	1349.742	4064.368	2.843	9.268	2.226	3.698	44.322	49.556	7.847	15.072	0.000	0.000	0.000	4.000	0.213	NoExpr	False	Pending
chr3-183179682-183179683-G-A	224.MCF2L2.ENST00000328913.8.missense.1039L/F					MCF2L2	L1039F	2	SALSLAGFF	ENST00000328913.8	True	True	5	HLA-A*29:02	8	None	2	0	1977.047	1251.915	2.026	1.604	1.712	1.510	2.665	1.922	2.605	2.165	0.407	0.000	0.000	0.000	0.377	NoExpr	False	Pending
chr13-25541936-25541937-G-C	591.ATP8A2.ENST00000381655.7.missense.224D/H					ATP8A2	D224H	3	IRQGLSHTAL	ENST00000381655.7	True	True	1	HLA-C*06:02	10	None	5	0	1743.110	25171.980	2.482	35.134	1.156	34.189	43.080	34.232	7.010	58.681	0.145	0.000	0.000	0.000	0.304	NoExpr	False	Pending
chr13-25541937-25541938-A-T	603.ATP8A2.ENST00000381655.7.missense.224D/V					ATP8A2	D224V	3	IRQGLSHTAL	ENST00000381655.7	True	True	1	HLA-C*06:02	10	None	5	0	1743.110	25171.980	2.482	35.134	1.156	34.189	43.080	34.232	7.010	58.681	0.145	0.000	0.000	0.000	0.306	NoExpr	False	Pending
chr2-201835739-201835740-A-C	175.CDK15.ENST00000652192.3.missense.276E/D					CDK15	E276D	5	DALLGATDY	ENST00000652192.3	True	True	NA	HLA-A*29:02	8	None	3	0	1453.759	1102.930	3.457	2.303	2.900	1.875	8.237	6.080	4.393	2.246	0.204	0.000	0.000	0.000	0.574	NoExpr	False	Pending
chr7-122013415-122013416-A-G	382.PTPRZ1.ENST00000393386.7.missense.1457N/S					PTPRZ1	N1457S	7	RESQEKVMS	ENST00000393386.7	True	True	1	HLA-B*45:01	9	None	4	0	2005.170	5467.288	2.475	5.210	2.475	5.097	46.848	49.960	5.784	12.651	0.909	0.000	0.000	0.000	0.241	NoExpr	False	Pending
chr1-22576425-22576426-C-A	3.EPHA8.ENST00000166244.8.missense.123N/K	1				EPHA8	N123K	2	KETFKLYYL	ENST00000166244.8	True	True	2	HLA-B*45:01	5	None	7	1	2092.990	1471.080	2.477	2.259	2.395	2.070	35.757	38.536	3.787	3.266	0.001	0.000	0.000	0.000	0.272	NoExpr	False	Pending
chr21-43172070-43172071-G-C	845.CRYAA.ENST00000291554.6.missense.105D/H					CRYAA	D105H	3	NERQHDHGYIS	ENST00000291554.6	True	True	1	HLA-B*45:01	5	None	5	0	1431.665	1737.232	4.044	4.451	2.575	3.445	48.150	50.317	25.461	29.024	0.000	0.000	0.000	0.000	0.540	NoExpr	False	Pending
chr5-141123692-141123693-G-C	273.PCDHB4.ENST00000194152.4.missense.565Q/H					PCDHB4	Q565H	1	YPLHNGSA	ENST00000194152.4	True	True	NA	HLA-B*82:02	4	None	3	0	1158.053	1170.651	5.413	4.790	2.323	2.352	33.444	45.289	21.364	21.222	1.436	0.000	0.000	20.000	0.307	NoExpr	False	Pending
chr3-122927970-122927971-G-C	206.SEMA5B.ENST00000357599.8.missense.223I/M	2				SEMA5B	I223M	6	IEKMNGVA	ENST00000357599.8	True	True	1	HLA-B*45:01	4	None	5	2	2141.208	1359.284	3.024	2.683	2.780	2.432	34.920	21.331	3.786	2.550	0.169	0.000	0.000	0.000	1.000	NoExpr	False	Pending
chr14-94463231-94463232-G-T	666.SERPINA9.ENST00000674397.2.missense.372T/N					SERPINA9	T372N	7	ATAATTNKF	ENST00000674397.2	True	True	NA	HLA-A*29:02	7	None	2	0	2635.709	2182.040	2.665	2.220	2.665	2.220	4.806	2.332	1.734	0.769	0.035	0.000	0.000	0.000	0.461	NoExpr	False	Pending
chr13-37746421-37746422-C-T	612.TRPC4.ENST00000379705.8.missense.138E/K					TRPC4	E138K	6	ILLDKQFSKF	ENST00000379705.8	True	True	1	HLA-A*29:02	9	None	1	0	3268.936	3184.415	2.352	2.173	3.302	2.360	17.180	15.674	1.317	1.525	0.053	0.000	0.000	0.000	0.507	NoExpr	False	Pending
chr14-24068642-24068643-G-A	625.CARMIL3.ENST00000342740.6.missense.1248E/K					CARMIL3	E1248K	1	KEEKEGTLFP	ENST00000342740.6	True	True	5	HLA-B*45:01	1	None	2	0	3561.315	2043.750	2.782	1.390	3.816	1.390	15.763	6.434	0.663	0.972	1.601	0.000	0.000	25.000	0.185	NoExpr	False	Pending
chr1-203347717-203347718-G-C	68.FMOD.ENST00000354955.5.missense.185H/D					FMOD	H185D	2	RELHLDDNQIS	ENST00000354955.5	True	True	1	HLA-B*45:01	7	None	2	0	2137.232	1615.850	4.810	3.878	4.810	3.828	27.649	34.692	3.658	3.886	0.000	0.000	0.000	0.000	0.284	NoExpr	True	Pending
chr9-113369791-113369792-G-A	463.BSPRY.ENST00000374183.5.missense.287A/T					BSPRY	A287T	1	FQNGLHTWM	ENST00000374183.5	True	True	1	HLA-C*06:02	7	None	2	0	2174.949	2553.325	4.684	5.931	3.356	4.840	32.150	28.068	7.930	8.342	0.090	0.000	0.000	0.000	0.537	NoExpr	False	Pending
chr4-176120051-176120052-G-A	255.WDR17.ENST00000508596.6.missense.165V/I					WDR17	V165I	3	HTHQKGKIV	ENST00000508596.6	True	True	1	HLA-C*06:02	8	None	2	0	2657.255	2338.375	4.120	4.828	2.784	2.476	17.414	26.546	17.779	18.366	0.514	0.000	0.000	2.000	0.489	NoExpr	False	Pending
chr6-43283594-43283595-A-T	310.TTBK1.ENST00000259750.9.missense.952E/V					TTBK1	E952V	1	VEFSAGGEL	ENST00000259750.9	True	True	1	HLA-B*45:01	1	None	4	0	2739.999	1490.669	4.218	2.200	4.185	2.034	60.550	51.533	10.654	8.012	0.015	0.000	0.000	0.000	0.267	NoExpr	False	Pending
chr5-23521053-23521054-C-G	264.PRDM9.ENST00000296682.4.missense.128S/C					PRDM9	S128C	1	FSNECSLKEL	ENST00000296682.4	True	True	1	HLA-C*06:02	5	5	4	0	1842.065	1512.250	6.450	4.173	2.964	2.594	17.092	5.867	9.269	3.577	0.024	0.000	0.000	0.000	0.417	NoExpr	False	Pending
chr3-39188114-39188115-A-T	192.XIRP1.ENST00000340369.4.missense.444L/H					XIRP1	L444H	2	FKNHFETL	ENST00000340369.4	True	True	1	HLA-C*06:02	4	None	2	0	4690.330	7735.977	2.765	4.600	2.763	4.802	7.724	11.918	2.252	3.430	0.042	0.000	0.000	0.000	0.661	NoExpr	False	Pending
chr2-94874875-94874876-T-A	130.TEKT4.ENST00000295201.5.missense.272C/S					TEKT4	C272S	1	LRVLVDSIL	ENST00000295201.5	True	True	1	HLA-C*06:02	7	None	1	0	3929.407	5776.806	3.736	5.432	2.190	2.882	33.085	42.902	4.620	12.571	0.614	0.000	0.000	0.000	0.446	NoExpr	False	Pending
chr4-121932625-121932626-C-A	245.TRPC3.ENST00000379645.8.missense.211C/F					TRPC3	C211F	3	TLSPFEQEL	ENST00000379645.8	True	True	1	HLA-C*06:02	5	None	2	0	3541.898	3408.950	4.039	7.524	4.202	6.318	26.509	27.182	2.098	11.364	0.068	0.000	0.000	0.000	0.300	NoExpr	False	Pending
chr10-13481023-13481024-C-G	485.BEND7.ENST00000466271.3.missense.313R/T					BEND7	R313T	4	TRSGSLLFTKL	ENST00000466271.3	True	True	5	HLA-C*06:02	9	None	7	0	4197.931	3094.923	3.468	2.656	3.468	3.477	12.181	15.582	2.726	2.128	0.053	0.000	0.000	0.000	1.000	NoExpr	False	Pending
chr1-196995755-196995756-A-G	67.CFHR5.ENST00000256785.5.missense.216N/S					CFHR5	N216S	1	LSSGEVKEI	ENST00000256785.5	True	True	1	HLA-C*06:02	3	None	2	0	5062.636	3561.400	3.020	1.831	3.099	1.899	8.876	6.419	2.190	1.704	0.000	0.000	0.000	0.000	0.287	NoExpr	False	Pending
chr8-132948805-132948806-C-G	442.TG.ENST00000220616.9.missense.1755P/R				1	TG	P1755R	1	LLSSRSVLL	ENST00000220616.9	True	True	1	HLA-C*06:02	5	None	2	1	2772.010	6480.871	5.832	7.942	2.691	6.917	63.830	57.159	6.134	12.214	0.721	0.000	0.000	0.000	0.992	NoExpr	False	Pending
chr17-10499040-10499041-G-A	754.MYH1.ENST00000226207.6.missense.1306S/L					MYH1	S1306L	1	SQLLRGKQA	ENST00000226207.6	True	True	5	HLA-B*45:01	4	None	1	0	3960.976	3896.249	4.510	5.462	2.283	3.505	17.279	33.641	9.565	18.140	0.009	0.000	0.000	0.000	0.988	NoExpr	False	Pending
chr17-78484882-78484883-A-T	762.DNAH17.ENST00000389840.7.missense.2545M/K					DNAH17	M2545K	1	QHKDHRHWY	ENST00000389840.7	True	True	5	HLA-C*06:02	3	None	2	0	3477.809	1938.914	5.242	4.694	3.158	3.369	2.750	69.992	18.806	9.653	0.134	0.000	0.000	2.000	0.232	NoExpr	False	Pending
chr1-119895935-119895936-C-T	41.ADAM30.ENST00000369400.2.missense.134R/Q					ADAM30	R134Q	1	QGVFNIDAKHY	ENST00000369400.2	True	True	NA	HLA-A*29:02	1	None	2	0	4395.460	3687.614	4.510	4.444	4.437	4.316	7.863	5.750	7.712	7.286	0.019	0.000	0.000	0.000	0.203	NoExpr	False	Pending
chr1-22660990-22660991-G-A	5.C1QB.ENST00000509305.6.missense.121A/T				1	C1QB	A121T	1	ATQKITFSA	ENST00000509305.6	True	True	1	HLA-B*45:01	6	None	2	1	6294.760	5577.395	3.156	3.198	3.156	3.198	0.092	0.233	5.441	5.917	0.000	0.000	0.000	0.000	0.984	NoExpr	False	Pending
chr6-29174125-29174126-C-T	299.OR2J2.ENST00000641417.1.missense.164T/I					OR2J2	T164I	2	ISALHSSFIF	ENST00000641417.1	True	True	NA	HLA-A*29:02	9	None	7	0	3172.770	2790.625	6.256	5.510	3.313	2.809	5.956	5.690	9.959	6.123	0.037	0.000	0.000	0.000	0.277	NoExpr	False	Pending
chr3-52517959-52517960-A-C	196.STAB1.ENST00000321725.10.missense.1573H/P					STAB1	H1573P	1	APTVGDGL	ENST00000321725.10	True	True	1	HLA-B*82:02	2	None	3	0	6479.820	29656.050	3.170	32.115	3.061	47.442	1.784	23.397	6.152	27.220	0.090	0.000	0.000	0.000	1.000	NoExpr	False	Pending
chr11-92982014-92982015-G-T	573.MTNR1B.ENST00000257068.3.missense.264W/C					MTNR1B	W264C	1	IFAICCAPL	ENST00000257068.3	True	True	1	HLA-A*29:02	6	5,6	1	0	3950.366	3102.384	5.330	4.745	3.918	3.062	22.450	13.828	21.476	15.500	0.000	0.000	0.000	0.000	0.414	NoExpr	False	Pending
chr20-2312957-2312958-C-T	815.TGM3.ENST00000381458.6.missense.201R/C				1	TGM3	R201C	2	FRCDAATDVA	ENST00000381458.6	True	True	1	HLA-C*06:02	3	3	2	1	2837.125	2274.537	9.640	8.898	2.404	1.582	48.170	17.758	39.638	16.284	0.000	0.000	0.000	0.000	0.650	NoExpr	False	Pending
chr6-55351464-55351465-G-C	318.GFRAL.ENST00000340465.2.missense.195D/H					GFRAL	D195H	1	AFCDCAQSH	ENST00000340465.2	True	True	1	HLA-A*29:02	9	3,5	1	0	4713.925	22449.224	5.567	30.836	4.390	27.389	6.168	14.212	7.054	59.474	0.013	0.000	0.000	0.000	0.511	NoExpr	False	Pending
chr4-5988666-5988667-T-A	233.C4orf50.ENST00000531445.3.missense.1127M/L					C4orf50	M1127L	1	REHLQGKAKL	ENST00000531445.3	False	True	5	HLA-B*45:01	10	None	1	0	5147.706	7818.116	5.325	6.566	3.914	5.266	52.491	52.582	3.536	10.388	0.025	0.000	0.000	0.000	0.946	NoExpr	False	Pending
chr7-47833094-47833095-G-A	344.PKD1L1.ENST00000289672.7.missense.2111T/I					PKD1L1	T2111I	1	PPHIQAPSSGL	ENST00000289672.7	True	True	1	HLA-B*82:02	4	None	1	0	5023.940	9254.110	6.352	6.085	3.803	4.347	11.514	18.622	19.292	17.090	0.696	0.000	0.000	0.000	0.322	NoExpr	False	Pending
chr2-160107761-160107762-T-A	140.ITGB6.ENST00000283249.7.missense.729I/F					ITGB6	I729F	5	FWKLLVSFH	ENST00000283249.7	True	True	1	HLA-A*29:02	1	None	5	0	5265.275	8196.633	6.469	10.568	6.469	10.144	5.762	12.550	9.284	17.450	0.093	0.000	0.000	0.000	0.225	NoExpr	False	Pending
chr15-44767434-44767452-AAATGGACAGTTGGAGTTG-A	674.TRIM69.ENST00000329464.9.inframe_del.389-395KWTVGVV/I					TRIM69	KWTVGVV389-395I	6	WEVEVAKKTI	ENST00000329464.9	True	True	1	HLA-B*45:01	10	None	2	0	4718.058	12791.896	9.645	15.033	7.882	12.824	59.012	64.475	6.364	14.764	21.208	0.000	0.000	3.000	0.299	NoExpr	False	Pending
chr8-138737576-138737577-C-A	443.COL22A1.ENST00000303045.11.missense.696G/W					COL22A1	G696W	2	LRWKKGDM	ENST00000303045.11	True	True	1	HLA-C*06:02	3	None	1	0	4296.801	8814.810	17.122	28.553	4.485	5.087	78.585	75.256	26.872	45.476	0.308	0.000	0.000	2.000	0.200	NoExpr	False	Pending
chr3-58210851-58210852-G-C	199.DNASE1L3.ENST00000394549.7.missense.19L/V					DNASE1L3	L19V	3	LSIHSAVAM	ENST00000394549.7	True	True	1	HLA-A*29:02	7	None	2	0	6213.840	2216.530	8.591	3.956	7.761	3.411	20.082	6.839	12.509	4.808	0.181	0.000	0.000	0.000	1.000	NoExpr	True	Pending
chr11-46876561-46876562-C-T	549.LRP4.ENST00000378623.6.missense.1147R/Q					LRP4	R1147Q	1	YWTDTGTNQI	ENST00000378623.6	True	True	1	HLA-A*29:02	9	None	1	0	7253.935	8292.480	9.105	10.700	6.677	8.686	30.170	29.620	17.612	17.446	0.268	0.000	0.000	2.000	0.421	NoExpr	False	Pending
chr3-44242057-44242058-G-A	194.TOPAZ1.ENST00000309765.4.missense.2R/Q					TOPAZ1	R2Q	1	QRPPPLGPTTA	ENST00000309765.4	True	True	5	HLA-C*06:02	1	None	1	0	14924.325	9977.635	7.935	6.661	7.935	5.835	23.222	13.988	11.501	5.434	0.005	0.000	0.000	0.000	0.307	NoExpr	False	Pending
chr7-39339738-39339739-G-C	343.POU6F2.ENST00000518318.7.missense.232Q/H					POU6F2	Q232H	1	STNHHPQPA	ENST00000518318.7	True	True	1	HLA-C*06:02	4	None	1	0	6946.793	6989.125	13.724	10.840	12.796	8.555	6.861	43.540	49.524	47.120	0.273	0.000	0.000	0.000	0.299	NoExpr	False	Pending
chr14-94382907-94382908-C-G	650.SERPINA1.ENST00000393087.9.missense.110E/D					SERPINA1	E110D	1	LEGLNFNLTD	ENST00000393087.9	True	True	1	HLA-B*45:01	10	None	1	0	8280.079	8248.134	12.849	13.241	6.616	6.126	49.935	48.308	35.375	24.897	4.892	0.000	0.000	0.000	0.180	NoExpr	False	Pending
chr1-66834005-66834006-C-G	36.DNAI4.ENST00000371026.8.missense.626G/R					DNAI4	G626R	1	SKWVIRKRL	ENST00000371026.8	True	True	1	HLA-C*06:02	8	None	6	0	8661.280	10706.560	12.767	16.860	5.762	14.292	22.865	48.628	14.334	11.836	7.011	0.000	0.000	0.000	0.605	NoExpr	False	Pending
chr1-160876800-160876801-C-T	59.ITLN1.ENST00000326245.4.missense.269G/R					ITLN1	G269R	1	GGRGYFPEA	ENST00000326245.4	True	True	1	HLA-B*45:01	3	None	1	0	10442.058	11173.765	10.309	6.555	5.044	6.555	0.936	0.918	18.218	29.022	0.000	0.000	0.000	0.000	0.250	NoExpr	False	Pending
chr11-70087776-70087777-C-T	571.ANO1.ENST00000355303.10.missense.45P/L					ANO1	P45L	3	LLNSLSVDL	ENST00000355303.10	True	True	1	HLA-A*29:02	9	None	6	0	12525.726	28199.735	10.154	43.150	9.432	43.150	8.942	22.170	16.636	60.620	0.764	0.000	0.000	0.000	0.187	NoExpr	False	Pending
chr1-16006133-16006134-G-T	1.SRARP.ENST00000329454.2.missense.100G/W					SRARP	G100W	1	HLTRVTPMGW	ENST00000329454.2	True	True	1	HLA-A*29:02	10	None	5	0	11918.193	25893.692	12.912	52.385	13.980	46.606	16.224	45.678	10.004	70.438	0.082	0.000	0.000	0.000	1.000	NoExpr	False	Pending
chr21-44330789-44330813-AGGCAGCCGCGGCCCCTAGCGGCCC-A	848.CFAP410.ENST00000397956.7.inframe_del.217-224GPLGAAAA/-					CFAP410	GPLGAAAA217-224-	1	SHRGRVSGSA	ENST00000397956.7	False	False	1	HLA-B*45:01	9, 10	None	1	0	12678.690	32162.841	16.021	47.276	9.072	36.479	55.778	70.915	63.434	60.372	6.570	0.000	0.000	18.000	0.376	NoExpr	False	Pending
chr7-151181249-151181250-C-T	397.ASB10.ENST00000420175.3.missense.265D/N					ASB10	D265N	3	QSITNAEAT	ENST00000420175.3	True	True	1	HLA-B*45:01	5	None	3	0	15659.468	16977.684	15.887	16.990	13.813	16.983	13.691	13.528	33.674	39.976	0.000	0.000	0.000	0.000	0.153	NoExpr	False	Pending
chr22-37723212-37723213-GA-G	858.TRIOBP.ENST00000644935.1.FS.219GA/G					TRIOBP	FS219	1	STGQGSGEK	ENST00000644935.1	True	True	NA	HLA-A*29:02	NA	None	3	0	15087.265	NA	24.939	NA	18.307	NA	58.378	NA	50.844	NA	35.473	0.000	0.000	5.000	0.289	NoExpr	False	Pending
chr9-138120681-138120682-G-A	482.CACNA1B.ENST00000371372.6.missense.2097G/D					CACNA1B	G2097D	1	LPPGEGPTD	ENST00000371372.6	True	True	5	HLA-B*82:02	9	None	1	0	15608.970	13895.870	28.384	14.070	15.918	14.070	40.997	42.596	29.336	20.556	0.154	0.000	0.000	0.000	0.276	NoExpr	False	Pending
chr15-84036950-84036951-A-T	704.ADAMTSL3.ENST00000286744.10.missense.1645I/F			1		ADAMTSL3	I1645F	2	VQKKKPFSW	ENST00000286744.10	True	True	1	HLA-B*82:02	7	None	2	1	26002.270	29898.460	18.988	14.069	32.852	42.427	42.874	32.294	7.864	4.465	2.043	0.000	0.000	0.000	0.366	NoExpr	False	Pending
chr1-59858482-59858483-C-T	33.HOOK1.ENST00000371208.5.missense.433S/L					HOOK1	S433L	2	LQVQQDHLN	ENST00000371208.5	True	True	1	HLA-A*29:02	1	None	6	0	26189.262	23718.148	33.974	35.764	32.200	28.948	37.706	32.793	46.712	42.097	0.230	0.000	0.000	0.000	0.394	NoExpr	False	Pending
chr8-123220221-123220221-A-AGGGCTAC	423.C8orf76.ENST00000276704.6.FS.342A/AGGGCTAC					C8orf76	FS342	1	VGSVARSPD	ENST00000276704.6	True	True	1	HLA-B*82:02	6, 7, 8, 9	None	3	0	27391.914	11208.166	62.501	6.001	32.970	7.024	61.129	2.740	78.046	9.480	45.915	0.000	0.000	344.000	0.724	NoExpr	False	Pending
