ID	Index	A*29:02	B*45:01	B*82:02	Gene	AA Change	Num Passing Transcripts	Best Peptide	Best Transcript	MANE Select	Canonical	TSL	Allele	Pos	Prob Pos	Num Included Peptides	Num Passing Peptides	IC50 MT	IC50 WT	%ile MT	%ile WT	IC50 %ile MT	IC50 %ile WT	IM %ile MT	IM %ile WT	Pres %ile MT	Pres %ile WT	RNA Expr	RNA VAF	Allele Expr	RNA Depth	DNA VAF	Tier	Evaluation
chr2-47806319-47806320-G-A	117.MSH6.ENST00000234420.11.missense.1255D/N	1	1		MSH6	D1255N	6	VENYSQNVA	ENST00000234420.11	True	True	1	HLA-B*45:01	3	None	3	2	66.513	332.806	0.181	0.490	0.260	0.700	0.093	0.160	0.154	0.230	48.832	0.338	16.505	352.000	0.318	Pass	Pending
chr6-157133135-157133136-G-C	359.ARID1B.ENST00000636930.2.missense.897G/A			1	ARID1B	G897A	6	SPGGQMHAA	ENST00000636930.2	True	True	2	HLA-B*82:02	9	None	2	1	345.587	6116.264	0.485	2.450	0.820	2.600	0.132	0.541	0.516	7.900	39.757	1.000	39.757	163.000	1.000	Pass	Pending
chrX-41344254-41344255-G-C	980.DDX3X.ENST00000644876.2.missense.294R/T	1			DDX3X	R294T	19	STVRPCVVY	ENST00000644876.2	True	True	NA	HLA-A*29:02	2	None	1	1	288.963	6058.730	0.804	4.150	1.000	5.000	0.789	3.217	0.189	1.492	158.794	0.999	158.635	1381.000	0.966	Pass	Pending
chr17-45119014-45119029-TAGACGGTCGTTGTTG-T	825.PLCD3.ENST00000619929.5.inframe_del.233-238SNNDRL/S		1		PLCD3	SNNDRL233-238S	1	KECDHSEGA	ENST00000619929.5	True	True	1	HLA-B*45:01	7, 8, 9	None	2	1	287.611	6773.136	0.504	8.700	0.630	8.200	0.469	12.718	0.314	8.565	26.946	1.000	26.946	64.000	0.941	Pass	Pending
chr19-57397065-57397066-G-T	878.ZNF548.ENST00000336128.12.missense.24D/Y	2			ZNF548	D24Y	4	VVFEYVAIY	ENST00000336128.12	True	True	2	HLA-A*29:02	5	None	7	2	41.063	75.492	0.081	0.160	0.140	0.330	0.004	0.033	0.060	0.115	13.433	0.378	5.078	127.000	0.468	Pass	Pending
chr1-154590262-154590263-T-A	50.ADAR.ENST00000368474.9.missense.806E/V		3		ADAR	E806V	14	AERMGFTV	ENST00000368474.9	True	True	1	HLA-B*45:01	8	None	4	3	369.996	3973.047	0.736	3.350	0.500	2.863	1.168	7.253	0.893	9.230	131.835	0.348	45.879	1233.000	0.302	Pass	Pending
chr8-22566400-22566401-G-C	426.SORBS3.ENST00000240123.12.missense.336R/P			1	SORBS3	R336P	1	APSLSPHKM	ENST00000240123.12	True	True	1	HLA-B*82:02	2	None	2	1	250.848	24191.461	0.235	18.500	0.370	22.000	0.019	2.152	0.316	24.912	23.107	0.374	8.642	195.000	0.464	Pass	Pending
chr15-100900576-100900577-G-T	761.ALDH1A3.ENST00000329841.10.missense.296D/Y	1			ALDH1A3	D296Y	2	IVCADADLY	ENST00000329841.10	True	True	1	HLA-A*29:02	9	None	4	1	88.086	19997.861	0.390	30.600	0.400	29.000	0.280	14.101	0.594	96.643	15.852	0.542	8.592	153.000	0.359	Pass	Pending
chr13-113425167-113425168-G-T	666.ADPRHL1.ENST00000612156.3.missense.220H/N		1		ADPRHL1	H220N	3	QENWFYFEA	ENST00000612156.3	True	True	5	HLA-B*45:01	3	None	8	1	11.080	11.608	0.022	0.025	0.020	0.030	0.001	0.001	0.052	0.045	2.743	0.917	2.515	24.000	0.517	Pass	Pending
chr16-58516554-58516555-G-A	780.SETD6.ENST00000219315.9.missense.185R/H	1			SETD6	R185H	2	DLANIHSEY	ENST00000219315.9	True	True	1	HLA-A*29:02	6	None	2	1	103.731	277.900	0.373	0.706	0.590	1.000	0.082	0.517	0.094	0.158	11.622	0.340	3.951	100.000	0.335	Pass	Pending
chr11-62752450-62752451-G-A	596.ZBTB3.ENST00000394807.5.missense.405S/F	1			ZBTB3	S405F	2	EPLYLSFEY	ENST00000394807.5	True	True	1	HLA-A*29:02	7	None	5	1	382.420	2333.530	1.080	3.250	1.400	3.300	1.062	4.124	0.535	1.118	13.703	0.601	8.236	148.000	0.670	Pass	Pending
chr22-18606897-18606898-G-A	916.RIMBP3.ENST00000619918.1.missense.1513R/C				RIMBP3	R1513C	1	IPGCLVAEM	ENST00000619918.1	True	True	NA	HLA-B*82:02	4	None	1	0	753.677	587.840	0.375	0.154	0.400	0.157	0.119	0.137	1.382	0.955	207.888	1.000	207.888	2.000	0.504	PoorBinder	Pending
chr12-889169-889170-C-G	617.WNK1.ENST00000315939.11.missense.1799Q/E				WNK1	Q1799E	6	AELRRTLSP	ENST00000315939.11	True	True	1	HLA-B*45:01	2	None	2	0	630.498	9432.692	0.472	6.978	1.700	9.800	0.034	0.957	0.076	5.228	97.460	0.700	68.222	593.000	0.604	PoorBinder	Pending
chr18-80136551-80136552-C-T	838.ADNP2.ENST00000262198.9.missense.380P/L				ADNP2	P380L	1	LPLSQPVGL	ENST00000262198.9	True	True	1	HLA-B*82:02	9	None	1	0	699.460	9637.990	0.260	5.566	0.500	8.900	0.170	2.691	0.195	4.716	19.521	1.000	19.521	143.000	0.932	PoorBinder	Pending
chr4-108650681-108650682-C-G	261.OSTC.ENST00000361564.9.missense.9F/L				OSTC	F9L	3	METLYRVPL	ENST00000361564.9	True	True	1	HLA-B*45:01	9	None	2	0	574.855	909.227	1.105	1.628	0.920	1.357	0.650	0.977	1.395	2.096	173.877	0.486	84.504	1028.000	0.462	PoorBinder	Pending
chr3-172353066-172353067-C-T	244.FNDC3B.ENST00000415807.7.missense.927P/S				FNDC3B	P927S	3	SETTYRIRI	ENST00000415807.7	True	True	1	HLA-B*45:01	1	None	2	0	757.788	10883.952	0.820	8.500	1.400	9.600	0.343	2.931	0.430	12.466	92.076	0.317	29.188	928.000	0.356	PoorBinder	Pending
chr16-2295600-2295601-C-G	763.ABCA3.ENST00000301732.10.missense.801E/D				ABCA3	E801D	2	LPRDSTHRF	ENST00000301732.10	True	True	1	HLA-B*82:02	4	None	2	0	572.913	622.092	0.253	0.268	0.670	0.600	0.006	0.007	0.183	0.201	6.120	0.628	3.843	86.000	0.578	PoorBinder	Pending
chr18-36067341-36067342-C-G	834.RPRD1A.ENST00000399022.9.missense.21Q/H				RPRD1A	Q21H	2	SELSNSQHS	ENST00000399022.9	True	True	1	HLA-B*45:01	8	None	1	0	630.161	633.501	1.343	1.350	1.400	1.400	1.682	1.594	0.748	0.533	57.249	0.500	28.625	602.000	0.417	PoorBinder	Pending
chr10-125859825-125859826-G-C	541.DHX32.ENST00000284690.4.missense.209P/R				DHX32	P209R	1	RELKLIINS	ENST00000284690.4	True	True	1	HLA-B*45:01	1	None	1	0	940.157	9356.630	1.250	5.853	1.402	6.500	0.853	3.648	0.735	15.659	53.951	0.998	53.843	518.000	1.000	PoorBinder	Pending
chr6-70190343-70190344-G-C	343.COL19A1.ENST00000620364.5.missense.1019K/N				COL19A1	K1019N	1	VSFEEINKY	ENST00000620364.5	True	True	1	HLA-A*29:02	7	None	3	0	536.891	1078.039	0.388	1.014	1.700	2.100	0.446	1.309	0.079	0.156	10.708	0.269	2.880	52.000	0.255	PoorBinder	Pending
chr9-35609475-35609476-C-T	482.TESK1.ENST00000336395.6.missense.539H/Y				TESK1	H539Y	2	AQYSLPRAA	ENST00000336395.6	True	True	1	HLA-B*45:01	3	None	2	0	580.639	539.030	0.762	0.718	0.977	0.898	0.794	0.508	0.393	0.553	9.206	1.000	9.206	97.000	1.000	PoorBinder	Pending
chr3-121697676-121697677-G-C	218.GOLGB1.ENST00000614479.5.missense.949A/G				GOLGB1	A949G	3	AEEGKKEQV	ENST00000614479.5	True	True	1	HLA-B*45:01	4	None	2	0	865.084	588.880	1.300	0.740	1.300	1.200	0.244	0.196	0.348	0.347	45.429	0.967	43.930	307.000	1.000	PoorBinder	Pending
chr13-98431277-98431278-G-T	661.FARP1.ENST00000319562.11.missense.714R/L				FARP1	R714L	3	ADFRDCLAA	ENST00000319562.11	True	True	1	HLA-B*45:01	7	None	1	0	1008.314	1427.832	1.000	1.098	1.400	1.200	0.461	1.196	0.804	0.724	26.190	0.994	26.033	169.000	1.000	PoorBinder	Pending
chr19-19336157-19336158-A-C	868.MAU2.ENST00000262815.13.missense.111S/R				MAU2	S111R	1	AARLLSELY	ENST00000262815.13	True	True	1	HLA-A*29:02	3	None	3	0	566.595	206.672	1.221	0.354	1.800	0.630	0.478	0.192	0.343	0.226	34.844	0.437	15.227	238.000	0.345	PoorBinder	Pending
chr11-6401000-6401001-C-T	582.APBB1.ENST00000609360.6.missense.554A/T				APBB1	A554T	10	VPVTKPVGV	ENST00000609360.6	True	True	5	HLA-B*82:02	4	None	1	0	986.930	1031.840	0.492	0.346	2.260	2.320	0.291	0.300	0.367	0.241	6.678	1.000	6.678	85.000	0.990	PoorBinder	Pending
chr15-49282070-49282071-G-T	745.GALK2.ENST00000560031.6.missense.197A/S				GALK2	A197S	5	SEEGTAKLI	ENST00000560031.6	True	True	1	HLA-B*45:01	1	None	1	0	1350.478	625.225	1.155	0.640	2.000	1.200	0.403	0.205	0.298	0.202	24.473	1.000	24.473	184.000	1.000	PoorBinder	Pending
chr2-216428741-216428742-C-G	189.SMARCAL1.ENST00000357276.9.missense.432L/V				SMARCAL1	L432V	2	SEVDPKVVS	ENST00000357276.9	True	True	2	HLA-B*45:01	7	None	4	0	939.433	1105.331	0.830	1.097	1.700	2.000	0.172	0.200	0.143	0.177	14.405	0.520	7.491	179.000	0.457	PoorBinder	Pending
chr9-137255473-137255474-G-C	504.NELFB.ENST00000343053.6.missense.37G/R				NELFB	G37R	1	GERAGDRAP	ENST00000343053.6	True	True	1	HLA-B*45:01	7	None	2	0	1287.922	1556.749	1.415	1.949	2.200	2.300	0.831	1.798	0.426	0.654	32.319	0.812	26.243	80.000	0.600	PoorBinder	Pending
chr20-23354058-23354059-C-G	893.NXT1.ENST00000254998.3.missense.6F/L				NXT1	F6L	1	MASVDLKTY	ENST00000254998.3	True	True	1	HLA-A*29:02	6	None	1	0	824.715	411.113	1.557	1.041	1.800	1.600	1.614	0.395	0.522	0.358	38.946	0.422	16.435	519.000	0.375	PoorBinder	Pending
chr1-36179727-36179728-G-A	19.MAP7D1.ENST00000474796.2.missense.764E/K				MAP7D1	E764K	4	KEKPIPQEP	ENST00000474796.2	True	True	2	HLA-B*45:01	3	None	2	0	1880.871	1720.406	1.890	1.795	4.500	3.420	0.120	0.096	0.058	0.114	93.193	0.326	30.381	1643.000	0.309	PoorBinder	Pending
chr1-27793606-27793607-C-G	11.STX12.ENST00000373943.9.missense.88P/R				STX12	P88R	1	KELGSLRLP	ENST00000373943.9	True	True	1	HLA-B*45:01	7	None	1	0	2160.068	1360.254	1.709	1.185	4.100	3.500	0.438	0.162	0.120	0.092	26.914	1.000	26.914	432.000	1.000	PoorBinder	Pending
chr17-29286059-29286060-C-G	821.NUFIP2.ENST00000225388.9.missense.645R/T				NUFIP2	R645T	1	KEQRYQTGL	ENST00000225388.9	True	True	1	HLA-B*45:01	7	None	1	0	2344.059	3043.832	1.900	2.909	2.500	3.300	1.338	2.615	0.911	1.774	31.008	0.998	30.946	661.000	1.000	PoorBinder	Pending
chr18-14106118-14106119-G-C	832.ZNF519.ENST00000590202.3.missense.141P/A			1	ZNF519	P141A	1	AMNKYQHKF	ENST00000590202.3	True	True	1	HLA-A*29:02	1	None	3	1	1342.785	3172.260	1.285	3.900	2.000	4.100	0.624	3.694	0.334	3.127	8.050	0.350	2.817	20.000	0.453	PoorBinder	Pending
chr22-50177151-50177152-C-T	940.PANX2.ENST00000395842.3.missense.147S/F				PANX2	S147F	2	ALGWEFLAF	ENST00000395842.3	True	True	2	HLA-A*29:02	9	None	2	0	1836.229	16671.400	1.850	24.000	1.900	24.000	0.510	4.526	1.849	63.643	10.842	1.000	10.842	124.000	0.996	PoorBinder	Pending
chr6-3723707-3723708-C-G	313.PXDC1.ENST00000380283.5.missense.203E/Q				PXDC1	E203Q	1	SEFPSQLED	ENST00000380283.5	True	True	1	HLA-B*45:01	6	None	1	0	2200.856	2216.298	1.676	1.950	2.500	2.800	1.352	1.611	0.865	1.135	22.483	0.539	12.118	406.000	0.418	PoorBinder	Pending
chr12-31697921-31697922-G-T	624.AMN1.ENST00000281471.11.missense.118H/N				AMN1	H118N	3	NEASLKRCC	ENST00000281471.11	True	True	1	HLA-B*45:01	1	None	3	0	1539.544	1902.734	1.640	2.070	2.200	2.200	1.599	2.040	1.121	0.783	15.000	0.178	2.670	73.000	0.453	PoorBinder	Pending
chr7-82908982-82908983-C-G	377.PCLO.ENST00000333891.14.missense.4444W/S				PCLO	W4444S	2	EETDSFDKP	ENST00000333891.14	True	True	2	HLA-B*45:01	5	None	1	0	1687.111	1650.121	1.825	1.650	4.600	4.600	0.068	0.028	0.311	0.157	4.482	0.567	2.541	30.000	0.409	PoorBinder	Pending
chr19-12580947-12580948-G-A	852.ZNF490.ENST00000311437.11.missense.376S/F				ZNF490	S376F	1	GEAFKSSSF	ENST00000311437.11	True	True	1	HLA-B*45:01	9	None	1	0	2089.881	849.755	1.830	1.738	2.600	2.200	1.284	0.558	0.700	1.018	15.981	0.257	4.107	167.000	0.351	PoorBinder	Pending
chr19-14049194-14049195-C-T	855.IL27RA.ENST00000263379.4.missense.428A/V				IL27RA	A428V	1	VPPGTPAIA	ENST00000263379.4	True	True	1	HLA-B*82:02	1	None	3	0	2343.900	973.520	1.710	1.538	3.300	2.240	0.506	0.363	1.305	1.173	13.617	0.305	4.153	197.000	0.262	PoorBinder	Pending
chr17-4545724-4545725-T-C	793.MYBBP1A.ENST00000254718.9.missense.653E/G				MYBBP1A	E653G	2	VEVLVGILL	ENST00000254718.9	True	True	1	HLA-B*45:01	6	None	2	0	2322.790	2750.559	3.100	4.020	3.500	4.700	1.972	2.609	1.073	1.324	47.493	0.319	15.150	420.000	0.352	PoorBinder	Pending
chr22-50243800-50243801-T-C	941.TUBGCP6.ENST00000248846.10.missense.220H/R				TUBGCP6	H220R	2	GALVRSRTY	ENST00000248846.10	True	True	1	HLA-A*29:02	5	None	2	0	3831.175	1527.280	2.560	1.740	3.200	2.100	0.684	0.190	1.041	0.600	24.241	0.775	18.787	334.000	0.750	PoorBinder	Pending
chr10-37957500-37957501-C-T	518.ZNF25.ENST00000302609.8.missense.21E/K				ZNF25	E21K	1	KEKWKLLTP	ENST00000302609.8	True	True	1	HLA-B*45:01	3	None	2	0	3370.390	2648.098	2.555	2.425	4.900	5.200	0.022	0.017	0.388	0.219	13.090	0.471	6.165	187.000	0.485	PoorBinder	Pending
chr1-36179726-36179728-GG-AA	15.MAP7D1.ENST00000474796.2.missense.763-764EE/EK				MAP7D1	EE763-764EK	4	KEKPIPQEP	ENST00000474796.2	True	True	2	HLA-B*45:01	3	None	2	0	1880.871	1720.406	1.890	1.795	4.500	3.420	0.120	0.096	0.058	0.114	93.193	NA	NA	NA	0.361	PoorBinder	Pending
chr19-14049194-14049196-CC-TT	856.IL27RA.ENST00000263379.4.missense.428A/V				IL27RA	A428V	1	VPPGTPAIA	ENST00000263379.4	True	True	1	HLA-B*82:02	1	None	3	0	2343.900	973.520	1.710	1.538	3.300	2.240	0.506	0.363	1.305	1.173	13.617	NA	NA	NA	0.268	PoorBinder	Pending
chr9-137199427-137199428-T-A	503.TPRN.ENST00000409012.6.missense.428E/D				TPRN	E428D	1	DEAEPAEGL	ENST00000409012.6	True	True	1	HLA-B*45:01	1	None	1	0	7302.023	2372.689	3.200	1.600	6.400	2.800	1.696	0.286	0.608	0.377	10.805	0.333	3.598	93.000	0.296	PoorBinder	Pending
chr19-16093698-16093699-G-C	860.TPM4.ENST00000643579.2.missense.204E/Q		1		TPM4	E204Q	5	AETRAQFA	ENST00000643579.2	True	True	NA	HLA-B*45:01	6	None	4	1	249.100	367.312	0.440	0.550	0.290	0.440	9.745	6.687	0.635	0.757	370.472	0.654	242.289	4066.000	0.480	PoorImmunogenicity	Pending
chr14-60724007-60724008-C-G	686.SIX4.ENST00000216513.5.missense.23E/Q		2		SIX4	E23Q	1	QENGMQSA	ENST00000216513.5	True	True	1	HLA-B*45:01	6	None	2	2	222.019	324.687	0.237	0.405	0.213	0.400	2.104	1.453	0.469	0.561	15.017	0.987	14.822	76.000	1.000	PoorImmunogenicity	Pending
chr5-1814504-1814505-G-A	281.NDUFS6.ENST00000469176.1.missense.118R/H			1	NDUFS6	R118H	1	QPAHPHTPL	ENST00000469176.1	False	False	2	HLA-B*82:02	4	None	3	1	90.330	100.630	0.033	0.080	0.030	0.050	0.035	0.129	0.134	0.189	181.433	0.500	90.716	6.000	0.410	PoorTranscript	Pending
chr5-177460554-177460555-C-T	307.DBN1.ENST00000393565.6.missense.278E/K		4		DBN1	E278K	4	SESEVEKAA	ENST00000393565.6	True	True	5	HLA-B*45:01	7	None	6	4	58.838	48.155	0.170	0.075	0.200	0.090	0.051	0.037	0.189	0.212	109.087	0.009	0.982	1076.000	0.285	LowExpr	Pending
chr14-32600790-32600791-A-T	676.AKAP6.ENST00000280979.9.missense.910K/M	1	1		AKAP6	K910M	3	PMAEVQLCY	ENST00000280979.9	True	True	1	HLA-A*29:02	2	None	5	2	31.664	3170.065	0.225	2.950	0.200	3.300	0.267	1.922	0.257	1.620	2.905	0.250	0.726	8.000	0.708	LowExpr	Pending
chr1-204125889-204125890-C-T	75.SOX13.ENST00000367204.6.missense.542S/L	1			SOX13	S542L	2	QMSSLDVLY	ENST00000367204.6	True	True	1	HLA-A*29:02	5	None	3	1	10.785	19.094	0.110	0.215	0.111	0.200	0.080	0.273	0.171	0.248	2.664	0.105	0.280	19.000	0.339	LowExpr	Pending
chr6-32181195-32181196-G-T	329.AGER.ENST00000375076.9.missense.388L/M		1		AGER	L388M	3	AEMNQSEEP	ENST00000375076.9	True	True	1	HLA-B*45:01	3	None	4	1	262.309	415.286	0.482	0.618	0.660	1.400	0.076	0.183	0.217	0.243	2.211	0.462	1.021	26.000	0.510	LowExpr	Pending
chr3-171138369-171138370-G-T	237.TNIK.ENST00000357327.9.missense.448R/S		1		TNIK	R448S	8	AEHEQEYKS	ENST00000357327.9	False	False	1	HLA-B*45:01	9	None	3	1	413.990	1410.591	0.572	2.207	0.780	2.900	0.189	0.379	0.327	1.362	3.976	0.167	0.664	12.000	0.270	LowExpr	Pending
chr19-21536794-21536799-TAAGAG-T	869.ZNF429.ENST00000358491.9.FS.248-249TAAGAG/T	1			ZNF429	FS248-249	1	STLTNHNSY	ENST00000358491.9	True	True	3	HLA-A*29:02	7, 8, 9	None	2	1	144.913	19994.994	0.245	25.500	0.420	26.000	0.195	19.114	0.175	29.112	14.439	0.298	4.303	84.000	0.212	Subclonal	Pending
chr8-125436370-125436371-C-T	459.TRIB1.ENST00000311922.4.missense.340S/F	2			TRIB1	S340F	3	ILLHPWFEF	ENST00000311922.4	True	True	1	HLA-A*29:02	9	None	3	2	324.872	6298.216	0.433	7.500	0.480	6.300	0.287	2.332	0.429	35.722	78.491	0.102	8.006	795.000	0.133	Subclonal	Pending
chr8-125436370-125436372-CC-TT	462.TRIB1.ENST00000311922.4.missense.340S/F	2			TRIB1	S340F	3	ILLHPWFEF	ENST00000311922.4	True	True	1	HLA-A*29:02	9	None	3	2	324.872	6298.216	0.433	7.500	0.480	6.300	0.287	2.332	0.429	35.722	78.491	NA	NA	NA	0.136	Subclonal	Pending
chr5-133103958-133103959-T-C	290.HSPA4.ENST00000304858.7.missense.751L/P				HSPA4	L751P	1	NPQNKQSL	ENST00000304858.7	True	True	1	HLA-B*82:02	2	None	1	0	567.450	19898.650	0.670	15.664	0.490	14.000	6.225	59.463	4.663	21.180	114.662	0.996	114.203	1368.000	1.000	Poor	Pending
chr7-102317255-102317256-A-G	402.SH2B2.ENST00000444095.3.missense.419H/R			1	SH2B2	H419R	2	YPWFRGTL	ENST00000444095.3	True	True	2	HLA-B*82:02	5	None	2	1	333.693	316.120	0.255	0.200	0.100	0.150	3.871	0.954	1.054	0.699	6.055	0.223	1.350	94.000	0.181	Poor	Pending
chr15-50643416-50643417-T-G	747.TRPM7.ENST00000646667.1.missense.153K/T				TRPM7	K153T	2	HPRITQLL	ENST00000646667.1	True	True	NA	HLA-B*82:02	5	None	2	0	757.026	1065.768	0.570	1.300	0.540	1.200	2.740	6.473	1.032	1.369	28.628	0.450	12.883	416.000	0.500	Poor	Pending
chr1-232805681-232805682-C-T	107.MAP10.ENST00000418460.4.missense.78P/L			1	MAP10	P78L	1	YPPDGPGAL	ENST00000418460.4	True	True	NA	HLA-B*82:02	9	None	1	1	190.108	8327.450	0.336	3.766	0.400	4.200	0.271	3.633	0.421	1.965	1.996	0.469	0.936	32.000	0.233	Poor	Pending
chrX-77681732-77681733-T-C	996.ATRX.ENST00000373344.11.missense.1175K/E				ATRX	K1175E	2	SEKKAVIV	ENST00000373344.11	True	True	1	HLA-B*45:01	2	None	2	0	1330.389	29762.684	0.863	26.634	0.970	25.650	4.657	39.170	0.577	21.809	57.053	0.990	56.482	293.000	1.000	Poor	Pending
chr2-219514658-219514659-C-A	192.ASIC4.ENST00000693692.1.missense.106P/T			1	ASIC4	P106T	1	LPLGRATGL	ENST00000693692.1	False	False	NA	HLA-B*82:02	7	None	1	1	356.074	309.353	0.238	0.485	0.170	0.790	0.466	0.704	0.183	0.168	0.692	0.667	0.462	6.000	0.238	Poor	Pending
chr3-154284949-154284950-C-T	229.DHX36.ENST00000496811.6.missense.690G/E		1		DHX36	G690E	3	QEELTPLEV	ENST00000496811.6	True	True	1	HLA-B*45:01	8	None	4	1	484.245	655.112	0.462	0.764	0.750	1.200	0.033	0.070	0.257	0.354	66.432	0.022	1.462	446.000	0.107	Poor	Pending
chrX-1419025-1419026-G-A	943.ASMTL.ENST00000381317.9.missense.445T/M				ASMTL	T445M	3	AMAFNLSRF	ENST00000381317.9	True	True	1	HLA-A*29:02	2	None	1	0	618.761	2037.413	1.919	2.617	2.200	2.734	4.922	5.295	1.469	1.210	74.609	0.460	34.320	804.000	0.467	Poor	Pending
chrX-40655057-40655058-G-T	961.MED14.ENST00000324817.6.missense.1325F/L				MED14	F1325L	1	LELLPDQA	ENST00000324817.6	True	True	1	HLA-B*45:01	4	None	3	0	838.854	1054.037	1.481	1.550	1.500	1.300	37.161	25.596	1.211	1.839	18.572	1.000	18.572	146.000	1.000	Poor	Pending
chr17-80086142-80086143-G-C	828.CCDC40.ENST00000397545.9.missense.792E/D		1		CCDC40	E792D	2	QEQDEQLA	ENST00000397545.9	True	True	5	HLA-B*45:01	4	None	3	1	633.109	723.495	0.740	0.610	0.600	0.600	6.307	5.779	0.719	0.530	5.546	0.300	1.664	10.000	0.181	Poor	Pending
chr2-236392010-236392011-C-T	198.IQCA1.ENST00000409907.8.missense.460E/K				IQCA1	E460K	3	RERKRPVKA	ENST00000409907.8	True	True	1	HLA-B*45:01	4	None	1	0	569.808	406.697	0.780	0.496	0.800	0.600	0.211	0.101	0.593	0.326	14.414	0.087	1.254	149.000	0.233	Poor	Pending
chr6-1930219-1930220-G-T	309.GMDS.ENST00000380815.5.missense.218F/L				GMDS	F218L	2	SPRRGANLV	ENST00000380815.5	True	True	1	HLA-B*82:02	8	None	2	0	757.830	1238.240	0.496	0.471	0.199	0.329	0.794	0.614	0.736	0.963	52.423	0.020	1.048	505.000	0.211	Poor	Pending
chr6-1930220-1930221-A-T	311.GMDS.ENST00000380815.5.missense.218F/Y				GMDS	F218Y	2	SPRRGANYV	ENST00000380815.5	True	True	1	HLA-B*82:02	8	None	1	0	987.250	1238.240	0.405	0.471	0.286	0.329	0.523	0.614	0.954	0.963	52.423	0.020	1.048	498.000	0.212	Poor	Pending
chr19-52384796-52384797-A-G	877.ZNF880.ENST00000422689.3.missense.406Q/R	1			ZNF880	Q406R	1	RMHTGERPY	ENST00000422689.3	True	True	2	HLA-A*29:02	7	None	1	1	370.480	120.945	0.800	0.600	0.800	0.600	6.719	5.923	0.427	0.231	31.855	0.012	0.382	82.000	0.647	Poor	Pending
chr19-52384795-52384796-C-A	876.ZNF880.ENST00000422689.3.missense.406Q/K				ZNF880	Q406K	1	RMHTGEKPY	ENST00000422689.3	True	True	2	HLA-A*29:02	7	None	1	0	516.495	120.945	0.810	0.600	0.820	0.600	19.190	5.923	0.586	0.231	31.855	0.012	0.382	85.000	0.588	Poor	Pending
chr17-5007046-5007047-C-T	797.KIF1C.ENST00000320785.10.missense.433S/F				KIF1C	S433F	1	TEFQIGPEE	ENST00000320785.10	True	True	1	HLA-B*45:01	3	None	2	0	1268.750	1645.181	2.467	2.301	2.733	2.600	4.149	2.147	1.156	1.571	121.453	0.297	36.072	1679.000	0.316	Poor	Pending
chr14-55180753-55180754-G-A	684.DLGAP5.ENST00000247191.7.missense.202S/L				DLGAP5	S202L	2	QPVMPTLL	ENST00000247191.7	True	True	1	HLA-B*82:02	7	None	3	0	1618.232	849.320	1.050	0.620	0.700	0.500	1.432	1.382	2.361	1.400	53.642	0.224	12.016	825.000	0.240	Poor	Pending
chr14-21403125-21403126-C-A	671.CHD8.ENST00000646647.2.missense.1202R/L				CHD8	R1202L	5	KPDSDLFVF	ENST00000646647.2	True	True	NA	HLA-B*82:02	6	None	1	0	1821.757	1256.841	0.430	0.296	0.460	0.300	0.028	0.055	1.138	0.452	62.447	0.042	2.623	518.000	0.071	Poor	Pending
chr12-48693119-48693120-G-C	627.CCNT1.ENST00000261900.8.missense.698I/M				CCNT1	I698M	1	NPRSGGMSS	ENST00000261900.8	True	True	1	HLA-B*82:02	7	None	2	0	2150.375	1411.381	1.268	1.095	0.840	0.890	0.936	0.602	3.375	2.431	23.125	1.000	23.125	230.000	1.000	Poor	Pending
chr20-4182496-4182497-C-A	885.SMOX.ENST00000305958.9.missense.340Q/K				SMOX	Q340K	3	SLGVLKRKY	ENST00000305958.9	True	True	1	HLA-A*29:02	8	None	1	0	1564.540	1069.915	1.750	1.500	2.100	1.800	2.694	3.506	0.681	0.548	34.520	0.539	18.606	456.000	0.600	Poor	Pending
chr7-77600798-77600799-C-T	373.PTPN12.ENST00000248594.11.missense.230H/Y				PTPN12	H230Y	3	VPICIYCSA	ENST00000248594.11	True	True	1	HLA-B*82:02	6	None	1	0	1885.440	1289.250	1.540	1.080	1.300	0.960	0.177	0.171	5.658	2.786	128.676	0.161	20.717	732.000	0.203	Poor	Pending
chr4-373601-373602-C-T	254.ZNF141.ENST00000240499.8.missense.389H/Y	1			ZNF141	H389Y	1	KIYTGEKPY	ENST00000240499.8	True	True	1	HLA-A*29:02	3	None	3	1	489.769	2460.050	1.700	2.850	1.800	2.900	8.001	12.606	0.313	1.107	2.222	0.821	1.824	39.000	0.917	Poor	Pending
chr11-46728135-46728136-T-C	588.F2.ENST00000311907.10.missense.424V/A				F2	V424A	2	TENDLLARI	ENST00000311907.10	True	True	1	HLA-B*45:01	7	None	2	0	699.771	616.889	0.691	0.605	1.500	1.300	0.589	0.330	0.140	0.062	0.048	1.000	0.048	1.000	0.357	Poor	Pending
chr4-103145955-103145956-C-G	259.CENPE.ENST00000265148.9.missense.1429R/T				CENPE	R1429T	2	IEMLGLSKT	ENST00000265148.9	True	True	2	HLA-B*45:01	9	None	1	0	834.382	8114.151	1.850	7.100	2.300	7.800	3.387	6.265	0.912	6.128	29.958	0.242	7.250	380.000	0.239	Poor	Pending
chr5-7886679-7886680-G-C	283.MTRR.ENST00000440940.7.missense.375E/Q				MTRR	E375Q	2	FIFTWCLQI	ENST00000440940.7	True	True	1	HLA-A*29:02	8	None	2	0	1126.760	746.645	1.996	1.800	1.600	1.500	1.794	0.788	4.824	5.357	64.271	0.204	13.111	372.000	0.194	Poor	Pending
chrX-15355261-15355262-C-T	957.VEGFD.ENST00000297904.4.missense.177E/K				VEGFD	E177K	1	VPKLVPVKV	ENST00000297904.4	True	True	1	HLA-B*82:02	3	None	2	0	1716.960	3520.060	0.360	1.009	2.000	1.600	0.018	0.066	0.155	0.759	0.674	1.000	0.674	5.000	0.987	Poor	Pending
chr8-132141242-132141243-C-G	465.KCNQ3.ENST00000388996.10.missense.451D/H				KCNQ3	D451H	4	TPLNVHAI	ENST00000388996.10	True	True	1	HLA-B*82:02	6	None	1	0	778.660	4336.460	0.681	2.589	0.611	2.377	1.119	7.613	1.620	12.096	0.019	1.000	0.019	2.000	0.291	Poor	Pending
chr5-134893641-134893642-T-C	292.TXNDC15.ENST00000358387.9.missense.248S/P				TXNDC15	S248P	1	APQHSSLST	ENST00000358387.9	True	True	1	HLA-B*82:02	2	None	2	0	4189.100	25118.480	1.002	26.581	1.320	29.890	0.340	11.346	5.563	57.143	42.950	0.996	42.778	447.000	0.993	Poor	Pending
chr16-74391670-74391671-C-T	789.NPIPB15.ENST00000692376.1.missense.308P/L				NPIPB15	P308L	2	VPLPLSPL	ENST00000692376.1	True	True	NA	HLA-B*82:02	5	None	3	0	1218.650	546.914	0.480	0.440	0.480	0.400	9.569	8.110	2.296	1.196	10.432	0.015	0.156	68.000	0.409	Poor	Pending
chr15-74280668-74280669-G-T	755.CCDC33.ENST00000398814.8.missense.297M/I				CCDC33	M297I	1	LEYYSSTSI	ENST00000398814.8	True	True	2	HLA-B*45:01	9	None	1	0	636.165	2295.485	1.045	2.350	1.400	2.400	0.755	1.533	0.922	1.679	0.158	1.000	0.158	1.000	0.585	Poor	Pending
chr17-4818361-4818376-TGGACAGAATCCTGAA-T	795.PLD2.ENST00000263088.11.inframe_del.662-667VDRILK/V				PLD2	VDRILK662-667V	2	VAHKQGWCY	ENST00000263088.11	True	True	1	HLA-A*29:02	1	None	1	0	885.160	1588.317	0.892	1.825	2.200	3.100	0.764	1.079	0.226	0.437	35.110	0.012	0.421	328.000	0.225	Poor	Pending
chr1-42775287-42775288-A-G	27.C1orf50.ENST00000372525.7.missense.165D/G				C1orf50	D165G	1	YEGIEKQDA	ENST00000372525.7	True	True	1	HLA-B*45:01	3	None	1	0	726.000	1156.998	1.529	1.910	1.557	2.600	4.214	3.265	0.624	0.535	20.783	0.062	1.289	226.000	0.101	Poor	Pending
chr22-41524890-41524891-G-C	927.ACO2.ENST00000216254.9.missense.510E/Q				ACO2	E510Q	9	LKFNPQTDY	ENST00000216254.9	True	True	1	HLA-A*29:02	6	None	2	0	2045.687	3525.440	1.950	3.005	2.000	3.210	5.393	8.512	1.095	1.654	119.616	0.238	28.469	1640.000	0.216	Poor	Pending
chr6-33211510-33211511-C-A	331.RING1.ENST00000374656.5.missense.270P/H				RING1	P270H	1	HLLVEKGEY	ENST00000374656.5	True	True	1	HLA-A*29:02	1	None	3	0	616.365	2296.565	1.600	2.600	1.800	2.800	3.352	21.489	0.312	1.946	27.953	0.022	0.615	276.000	0.060	Poor	Pending
chr11-862686-862687-C-G	562.TSPAN4.ENST00000397397.7.missense.67I/M				TSPAN4	I67M	11	MAMGFVGCL	ENST00000397397.7	True	True	1	HLA-B*82:02	3	None	3	0	2611.890	7090.080	2.362	4.207	2.900	5.300	1.825	3.114	6.358	4.057	72.214	0.996	71.925	550.000	1.000	Poor	Pending
chr7-82916602-82916603-C-A	379.PCLO.ENST00000333891.14.missense.3795D/Y				PCLO	D3795Y	3	EEEKEIYA	ENST00000333891.14	True	True	2	HLA-B*45:01	7	None	8	0	1183.511	1933.093	1.264	1.750	1.100	1.500	2.976	5.310	1.004	2.704	4.482	0.171	0.766	35.000	0.222	Poor	Pending
chr11-64320894-64320895-T-C	605.PRDX5.ENST00000265462.9.missense.157F/L				PRDX5	F157L	3	LLADPTGAL	ENST00000265462.9	True	True	1	HLA-B*82:02	9	None	1	0	4209.230	5518.940	1.812	2.027	1.040	6.830	2.583	1.471	1.619	1.578	580.692	0.439	254.924	6089.000	0.427	Poor	Pending
chr9-120858190-120858191-G-A	492.PHF19.ENST00000373896.8.missense.499P/L				PHF19	P499L	3	AELDGRCL	ENST00000373896.8	True	True	2	HLA-B*45:01	8	None	2	0	2478.011	979.463	1.850	1.450	2.300	1.400	34.689	9.133	1.273	1.256	47.989	0.447	21.451	103.000	0.517	Poor	Pending
chr19-35841840-35841841-C-A	871.NPHS1.ENST00000378910.10.missense.897G/C				NPHS1	G897C	2	TEHTYHQCG	ENST00000378910.10	True	True	1	HLA-B*45:01	8	None	2	0	685.930	1092.139	1.627	1.739	1.555	2.283	0.883	1.257	1.893	1.639	0.377	1.000	0.377	2.000	0.081	Poor	Pending
chr3-184239802-184239803-C-T	250.VWA5B2.ENST00000691901.1.missense.836A/V				VWA5B2	A836V	3	APPAVPPQV	ENST00000691901.1	True	True	NA	HLA-B*82:02	9	None	2	0	1362.180	6932.220	0.735	1.226	0.900	1.700	0.165	0.321	0.692	0.731	0.083	1.000	0.083	2.000	0.429	Poor	Pending
chrX-9967396-9967397-G-A	956.CLDN34.ENST00000445307.4.missense.14V/I				CLDN34	V14I	1	ADCQFSIFA	ENST00000445307.4	True	True	NA	HLA-B*45:01	7	None	3	0	834.053	710.211	1.200	1.100	1.200	1.000	0.742	0.895	1.913	1.836	0.013	1.000	0.013	1.000	0.989	Poor	Pending
chr2-63942505-63942506-C-G	125.VPS54.ENST00000272322.9.missense.453D/H				VPS54	D453H	3	WFDLLKHIF	ENST00000272322.9	True	True	5	HLA-A*29:02	7	None	3	0	1700.625	4880.860	2.529	5.450	2.813	6.200	2.658	6.273	0.597	1.796	12.384	1.000	12.384	86.000	1.000	Poor	Pending
chr15-45133932-45133933-G-A	739.DUOX1.ENST00000389037.7.missense.43R/K				DUOX1	R43K	2	MEHKWGSKG	ENST00000389037.7	True	True	1	HLA-B*45:01	4	None	1	0	1211.599	1253.164	1.506	1.853	1.700	1.900	1.613	1.805	1.315	1.806	0.947	1.000	0.947	2.000	1.000	Poor	Pending
chr5-14507134-14507135-C-T	285.TRIO.ENST00000344204.9.missense.2876R/C				TRIO	R2876C	2	LEMADQGCL	ENST00000344204.9	True	True	1	HLA-B*45:01	8	None	1	0	1840.203	3975.298	2.780	4.250	2.900	4.700	10.867	18.044	2.180	2.285	74.348	0.250	18.587	376.000	0.259	Poor	Pending
chr20-35384131-35384132-C-G	897.UQCC1.ENST00000374385.10.missense.44W/S				UQCC1	W44S	5	SPQMSQSRA	ENST00000374385.10	True	True	1	HLA-B*82:02	1	None	1	0	3399.260	1545.570	1.433	2.096	1.740	1.721	1.127	4.617	6.985	14.459	47.722	0.327	15.605	581.000	0.434	Poor	Pending
chr2-190982493-190982494-G-C	167.STAT1.ENST00000361099.8.missense.491P/A				STAT1	P491A	11	TPACARWAQ	ENST00000361099.8	True	True	1	HLA-B*82:02	3	None	3	0	3369.450	7119.210	2.725	5.200	2.101	3.600	1.786	2.814	16.759	27.462	172.622	0.520	89.763	1475.000	0.583	Poor	Pending
chr7-155462475-155462476-A-G	423.EN2.ENST00000297375.4.missense.264Q/R				EN2	Q264R	1	AEFRTNRYL	ENST00000297375.4	True	True	1	HLA-B*45:01	4	None	2	0	736.064	601.424	1.800	1.350	1.800	1.500	2.471	2.232	0.540	0.291	0.408	0.375	0.153	16.000	0.263	Poor	Pending
chr1-43432295-43432296-G-C	29.SZT2.ENST00000634258.3.missense.1767G/R				SZT2	G1767R	2	RLHLPRHVL	ENST00000634258.3	True	True	5	HLA-B*82:02	6	None	1	0	3883.540	4429.969	1.184	2.289	1.647	4.910	0.178	0.118	2.963	1.930	34.708	0.344	11.940	96.000	0.338	Poor	Pending
chr10-125729432-125729433-C-G	537.EDRF1.ENST00000356792.9.missense.324P/A	1			EDRF1	P324A	2	AIFGGGRY	ENST00000356792.9	True	True	1	HLA-A*29:02	1	None	3	1	2363.550	4259.323	1.231	3.431	1.100	3.200	11.228	43.000	1.146	3.927	17.377	0.185	3.215	205.000	0.155	Poor	Pending
chr16-3745299-3745300-G-C	765.CREBBP.ENST00000262367.10.missense.1297H/Q	1			CREBBP	H1297Q	2	HQICVLQY	ENST00000262367.10	True	True	1	HLA-A*29:02	7	None	2	1	4322.278	3863.978	1.350	0.905	1.600	1.500	7.254	0.921	0.645	0.578	54.323	0.303	16.460	251.000	0.239	Poor	Pending
chr1-227091907-227091908-T-G	104.CDC42BPA.ENST00000366766.8.missense.778K/T				CDC42BPA	K778T	5	EENKTLTSE	ENST00000366766.8	True	True	5	HLA-B*45:01	5	None	3	0	1312.564	2148.206	2.250	2.750	2.400	2.900	0.310	0.562	1.789	2.157	40.050	0.063	2.523	317.000	0.231	Poor	Pending
chr16-25246937-25246938-C-T	772.ZKSCAN2.ENST00000328086.12.missense.420E/K				ZKSCAN2	E420K	1	FFKDMDALL	ENST00000328086.12	True	True	1	HLA-A*29:02	3	None	2	0	1700.785	1864.320	1.739	1.888	2.000	2.100	0.632	0.815	1.599	1.664	4.925	0.441	2.172	68.000	0.454	Poor	Pending
chr15-30089755-30089756-C-G	715.GOLGA8J.ENST00000567927.2.missense.311L/V				GOLGA8J	L311V	1	SEVELQHV	ENST00000567927.2	True	True	5	HLA-B*45:01	8	None	3	0	1580.311	4878.700	1.300	3.490	1.400	4.580	18.617	39.640	0.241	0.613	0.354	1.000	0.354	10.000	0.119	Poor	Pending
chr6-118491773-118491774-G-A	351.CEP85L.ENST00000368491.8.missense.450S/F				CEP85L	S450F	5	FEQKLAFTE	ENST00000368491.8	True	True	1	HLA-B*45:01	7	None	3	0	1613.563	3835.415	2.750	4.300	2.600	4.800	1.641	5.304	2.926	2.898	16.147	0.421	6.798	95.000	0.581	Poor	Pending
chr19-16572288-16572289-C-G	864.SLC35E1.ENST00000595753.6.missense.26E/Q				SLC35E1	E26Q	1	ARQGARVAA	ENST00000595753.6	True	True	1	HLA-B*45:01	3	None	1	0	2439.682	4546.786	3.363	4.334	3.827	5.000	0.241	0.300	12.546	12.696	38.810	0.816	31.669	38.000	0.698	Poor	Pending
chr5-145817966-145817967-A-G	303.PRELID2.ENST00000683046.1.missense.99C/R				PRELID2	C99R	5	SHRLTWTQY	ENST00000683046.1	True	True	NA	HLA-A*29:02	3	None	1	0	1585.219	763.320	2.100	1.400	2.300	1.400	5.786	4.682	1.046	0.576	7.144	0.386	2.758	88.000	0.324	Poor	Pending
chr2-31366060-31366061-G-C	116.XDH.ENST00000379416.4.missense.791R/G				XDH	R791G	1	VPANRIVVG	ENST00000379416.4	True	True	1	HLA-B*82:02	9	None	1	0	3838.052	5105.027	1.550	2.261	1.300	3.900	0.326	0.321	3.475	2.116	9.677	1.000	9.677	83.000	1.000	Poor	Pending
chr17-7675087-7675088-C-T	800.TP53.ENST00000269305.9.missense.175R/H				TP53	R175H	17	TEVVRHCP	ENST00000269305.9	True	True	1	HLA-B*45:01	6	None	1	0	4497.990	6512.970	2.869	4.328	3.300	3.656	14.923	39.146	1.664	4.296	165.032	1.000	165.032	1415.000	0.989	Poor	Pending
chr6-29726902-29726904-AA-CT	324.HLA-F.ENST00000259951.12.missense.353N/L				HLA-F	N353L	1	YSVVSGLLM	ENST00000259951.12	True	True	NA	HLA-A*29:02	7	None	2	0	688.260	3512.527	2.359	5.800	2.350	6.000	3.953	14.422	1.834	3.396	74.251	NA	NA	NA	0.648	Poor	Pending
chr2-102015965-102015966-C-T	140.IL1R2.ENST00000332549.8.missense.143T/I				IL1R2	T143I	3	YPQILILST	ENST00000332549.8	True	True	1	HLA-B*82:02	6	None	2	0	2171.320	1218.890	0.963	0.441	1.500	0.510	0.213	0.371	2.609	2.079	0.517	0.300	0.155	10.000	0.200	Poor	Pending
chr15-62819536-62819537-G-A	749.TLN2.ENST00000636159.2.missense.2265E/K				TLN2	E2265K	2	TPKFKQQL	ENST00000636159.2	True	True	5	HLA-B*82:02	3	None	4	0	2366.400	5388.380	2.270	2.050	1.700	1.200	5.848	9.749	1.861	5.488	20.006	0.351	7.022	154.000	0.452	Poor	Pending
chr8-38428419-38428420-G-A	437.FGFR1.ENST00000447712.7.missense.125S/L				FGFR1	S125L	1	NVSDALPSL	ENST00000447712.7	True	True	1	HLA-B*82:02	9	None	1	0	5670.390	25904.830	2.583	17.500	4.300	18.000	0.867	12.320	4.922	37.372	143.964	0.999	143.820	1501.000	1.000	Poor	Pending
chr22-37631020-37631021-C-G	923.GGA1.ENST00000343632.9.missense.484P/A				GGA1	P484A	4	SPEPARPPQ	ENST00000343632.9	True	True	1	HLA-B*82:02	5	None	1	0	2917.794	3426.390	3.124	1.937	3.680	3.100	2.793	2.153	2.627	1.225	51.482	0.435	22.395	386.000	0.436	Poor	Pending
chr9-129102403-129102404-T-C	495.CRAT.ENST00000318080.7.missense.209Y/C				CRAT	Y209C	6	TVVHNCQFF	ENST00000318080.7	True	True	1	HLA-A*29:02	6	None	3	0	1355.021	1321.090	1.804	1.264	2.800	2.600	0.638	0.123	1.704	1.134	11.624	0.018	0.209	169.000	0.275	Poor	Pending
chr7-112342710-112342711-G-C	404.ZNF277.ENST00000361822.8.missense.445L/F				ZNF277	L445F	1	SSIFNQLLL	ENST00000361822.8	True	True	1	HLA-A*29:02	4	None	1	0	3085.745	5117.275	3.033	5.618	3.006	5.036	6.360	11.524	2.830	5.389	58.592	0.347	20.331	505.000	0.434	Poor	Pending
chr1-179109009-179109010-T-C	68.ABL2.ENST00000502732.6.missense.753T/A			1	ABL2	T753A	3	FFAPRLIKK	ENST00000502732.6	True	True	1	HLA-A*29:02	3	None	2	1	3680.763	4829.695	2.822	4.100	2.843	4.300	3.311	3.853	1.952	3.279	50.587	0.429	21.702	28.000	0.373	Poor	Pending
chr6-109451607-109451608-G-T	346.MICAL1.ENST00000358577.7.missense.309L/M				MICAL1	L309M	1	VMRQPFWPL	ENST00000358577.7	False	False	1	HLA-B*82:02	2	None	1	0	3771.780	4040.990	1.998	2.074	1.796	2.214	1.753	1.935	13.390	14.609	12.825	1.000	12.825	96.000	0.981	Poor	Pending
chr10-32567832-32567833-C-T	517.CCDC7.ENST00000639629.1.missense.454S/L				CCDC7	S454L	3	KETRKLLVS	ENST00000639629.1	False	True	5	HLA-B*45:01	6	None	2	0	1996.652	1671.176	2.600	2.645	2.700	2.900	0.514	0.676	2.126	1.995	20.750	0.208	4.316	226.000	0.359	Poor	Pending
chrX-1419095-1419096-G-A	946.ASMTL.ENST00000381317.9.missense.422P/S				ASMTL	P422S	3	QSSETRLRF	ENST00000381317.9	True	True	1	HLA-A*29:02	3	None	2	0	4190.481	9510.210	2.285	4.710	3.500	8.300	1.970	3.620	0.870	2.257	74.609	0.223	16.638	847.000	0.226	Poor	Pending
chr20-41165771-41165772-C-G	902.PLCG1.ENST00000685551.1.missense.582S/C				PLCG1	S582C	3	APDGCFLV	ENST00000685551.1	True	True	NA	HLA-B*82:02	5	None	1	0	4407.770	2965.230	3.350	2.732	2.719	2.464	5.691	6.418	17.222	11.696	67.838	0.444	30.120	392.000	0.429	Poor	Pending
chr10-132163376-132163377-C-G	558.JAKMIP3.ENST00000684848.1.missense.797R/G				JAKMIP3	R797G	17	RERDAQILG	ENST00000684848.1	True	True	NA	HLA-B*45:01	9	None	2	0	2636.761	6524.484	2.125	4.950	3.600	5.200	1.210	1.409	0.746	1.701	3.848	0.625	2.405	24.000	0.462	Poor	Pending
chr2-53901384-53901385-G-C	123.PSME4.ENST00000404125.6.missense.1084H/D				PSME4	H1084D	1	AEKIDRQYE	ENST00000404125.6	True	True	1	HLA-B*45:01	5	None	2	0	2973.582	2207.551	3.950	3.150	4.500	3.400	2.979	1.409	3.773	3.575	57.847	0.276	15.966	601.000	0.350	Poor	Pending
chr19-5928080-5928081-C-G	843.RANBP3.ENST00000439268.6.missense.229E/Q				RANBP3	E229Q	2	SEAADEEKQ	ENST00000439268.6	False	False	1	HLA-B*45:01	9	None	1	0	4284.418	1785.836	4.560	4.097	6.000	4.800	4.091	3.609	3.560	3.593	36.036	1.000	36.036	320.000	0.987	Poor	Pending
chr22-37374977-37374978-G-A	920.ELFN2.ENST00000402918.7.missense.186P/L				ELFN2	P186L	1	LFNCECDLF	ENST00000402918.7	True	True	4	HLA-A*29:02	1	None	3	0	1802.245	6595.366	2.552	7.020	2.600	5.800	2.179	7.854	2.602	12.279	0.890	0.368	0.328	19.000	0.168	Poor	Pending
chr19-6755017-6755018-T-C	848.SH2D3A.ENST00000245908.11.missense.265E/G				SH2D3A	E265G	2	AEEDEGEEN	ENST00000245908.11	True	True	1	HLA-B*45:01	6	None	1	0	2187.523	1879.947	3.810	4.600	3.920	5.000	0.523	0.693	3.493	4.773	3.820	1.000	3.820	5.000	0.985	Poor	Pending
chr3-52395054-52395055-C-T	209.DNAH1.ENST00000420323.7.missense.3655P/L				DNAH1	P3655L	1	IELQTANLS	ENST00000420323.7	True	True	1	HLA-B*45:01	3	None	1	0	1832.461	8526.611	3.820	13.105	4.000	13.210	8.075	19.498	1.938	5.847	3.000	0.550	1.650	20.000	0.263	Poor	Pending
chr16-87417563-87417564-G-C	791.ZCCHC14.ENST00000671377.2.missense.427L/V				ZCCHC14	L427V	2	MPSSVQTPQ	ENST00000671377.2	True	True	NA	HLA-B*82:02	5	None	1	0	3803.910	5300.553	2.534	3.500	1.300	1.400	3.268	6.017	2.700	4.929	12.705	0.248	3.151	153.000	0.277	Poor	Pending
chr4-48420360-48420361-A-G	257.SLAIN2.ENST00000264313.11.missense.533R/G				SLAIN2	R533G	1	RPAGTTAMG	ENST00000264313.11	True	True	1	HLA-B*82:02	9	None	1	0	6723.757	7951.952	2.750	2.600	1.600	3.300	0.381	0.375	10.029	3.974	58.280	0.312	18.183	365.000	0.290	Poor	Pending
chr8-143805313-143805314-A-C	477.SCRIB.ENST00000356994.7.missense.823V/G				SCRIB	V823G	4	PENAGTITP	ENST00000356994.7	True	True	2	HLA-B*45:01	5	None	1	0	2734.352	2170.997	3.296	1.720	4.900	4.200	0.056	0.049	1.171	0.820	61.627	0.055	3.389	402.000	0.164	Poor	Pending
chr5-141332647-141332648-C-T	298.PCDHGA1.ENST00000517417.3.missense.655S/F				PCDHGA1	S655F	2	LFATVTLTV	ENST00000517417.3	True	True	1	HLA-A*29:02	2	None	3	0	2028.966	8022.438	2.582	10.100	2.900	11.300	0.389	1.693	3.244	10.139	0.326	0.571	0.186	7.000	0.681	Poor	Pending
chr1-16972417-16972418-C-G	5.CROCC.ENST00000375541.10.missense.2009S/C				CROCC	S2009C	1	APFCPPSGP	ENST00000375541.10	True	True	5	HLA-B*82:02	4	None	1	0	3301.400	2946.950	4.650	3.748	4.700	4.540	2.465	1.682	3.416	2.073	11.754	1.000	11.754	56.000	0.988	Poor	Pending
chr12-49526214-49526215-G-A	629.SPATS2.ENST00000552918.6.missense.533R/H				SPATS2	R533H	1	LPQHKPRTS	ENST00000552918.6	True	True	2	HLA-B*82:02	4	None	1	0	5593.807	7991.889	4.200	4.795	4.800	4.790	2.984	8.699	7.503	9.753	23.424	1.000	23.424	334.000	0.968	Poor	Pending
chr1-86453473-86453474-G-A	41.CLCA2.ENST00000370565.5.missense.754G/E				CLCA2	G754E	1	LEVPAGPHP	ENST00000370565.5	True	True	1	HLA-B*45:01	2	None	2	0	2487.723	36247.859	2.555	45.112	6.100	59.000	0.437	8.567	0.159	33.112	0.509	1.000	0.509	2.000	0.575	Poor	Pending
chr8-143795429-143795430-C-T	473.SCRIB.ENST00000356994.7.missense.1235G/D				SCRIB	G1235D	4	RELSPEDPG	ENST00000356994.7	True	True	2	HLA-B*45:01	7	None	1	0	3498.041	2819.815	4.406	4.550	4.513	4.700	5.025	6.939	1.905	2.184	61.627	0.141	8.689	687.000	0.162	Poor	Pending
chr20-10054508-10054509-G-C	890.ANKEF1.ENST00000378392.6.missense.694K/N				ANKEF1	K694N	2	SEGNKVQKG	ENST00000378392.6	True	True	1	HLA-B*45:01	4	None	1	0	2509.041	2375.338	3.300	3.600	3.400	3.800	3.624	4.201	1.323	1.301	3.908	0.382	1.493	34.000	0.521	Poor	Pending
chr5-1331835-1331836-C-A	278.CLPTM1L.ENST00000320895.10.missense.313K/N				CLPTM1L	K313N	1	SFWNKKKSM	ENST00000320895.10	True	True	1	HLA-A*29:02	4	None	1	0	5520.521	8286.574	7.824	11.731	7.480	10.160	36.852	48.299	5.497	7.650	169.373	0.325	55.046	1031.000	0.378	Poor	Pending
chr7-112821984-112821985-G-T	405.BMT2.ENST00000297145.9.missense.326T/K				BMT2	T326K	1	KSDLVSRNY	ENST00000297145.9	True	True	1	HLA-A*29:02	1	None	1	0	3962.365	2481.540	3.610	2.255	5.500	3.600	1.352	1.045	0.281	0.235	34.269	0.188	6.443	224.000	0.179	Poor	Pending
chr6-43587456-43587457-G-A	337.POLH.ENST00000372236.9.missense.153G/D				POLH	G153D	2	LPQDPTTAE	ENST00000372236.9	True	True	1	HLA-B*82:02	4	None	3	0	6567.740	4169.890	2.000	1.800	2.800	2.200	0.505	0.743	4.873	3.940	12.570	0.291	3.658	237.000	0.230	Poor	Pending
chrX-43656385-43656386-C-A	987.MAOA.ENST00000338702.4.missense.15D/E				MAOA	D15E	2	SIAGHMFEV	ENST00000338702.4	True	True	1	HLA-A*29:02	8	None	2	0	3238.093	4035.901	2.915	5.400	3.903	5.400	0.619	1.106	1.913	7.278	0.784	1.000	0.784	2.000	1.000	Poor	Pending
chr2-61348284-61348285-C-G	124.USP34.ENST00000398571.7.missense.624D/H				USP34	D624H	1	EEHEDDDHG	ENST00000398571.7	True	True	5	HLA-B*45:01	3	None	1	0	5162.411	11829.609	5.846	14.139	7.600	15.720	2.606	3.859	4.796	9.939	47.363	0.355	16.814	591.000	0.284	Poor	Pending
chr8-125102410-125102411-G-C	454.NSMCE2.ENST00000287437.8.missense.27L/F				NSMCE2	L27F	1	VESALSSFK	ENST00000287437.8	True	True	1	HLA-B*45:01	8	None	1	0	5585.215	5058.075	6.611	6.076	7.200	6.500	6.023	5.652	8.150	4.674	78.578	0.242	19.016	996.000	0.262	Poor	Pending
chr17-82961144-82961145-G-C	829.B3GNTL1.ENST00000320865.4.missense.198L/V				B3GNTL1	L198V	2	LFFYEHVRK	ENST00000320865.4	True	True	1	HLA-A*29:02	7	None	2	0	3140.124	974.348	4.266	1.726	3.042	1.200	5.489	1.852	10.359	13.090	10.001	0.235	2.350	81.000	0.221	Poor	Pending
chr9-133354714-133354715-G-C	502.SURF1.ENST00000371974.8.missense.89N/K				SURF1	N89K	1	RKWKLKLIA	ENST00000371974.8	True	True	1	HLA-B*45:01	6	None	1	0	8318.576	5691.344	7.228	5.937	7.055	6.400	7.634	4.486	9.829	18.272	46.709	0.762	35.592	563.000	0.700	Poor	Pending
chr2-669669-669670-C-T	111.TMEM18.ENST00000281017.8.missense.111M/I				TMEM18	M111I	1	MIIVVIWVW	ENST00000281017.8	True	True	1	HLA-A*29:02	6	None	1	0	5621.878	5872.154	6.750	6.150	8.500	6.800	0.416	0.457	7.616	9.889	55.263	0.306	16.910	980.000	0.262	Poor	Pending
chr2-219471924-219471925-A-G	191.SPEG.ENST00000312358.12.missense.1258Y/C				SPEG	Y1258C	1	AGVCKSVIA	ENST00000312358.12	True	True	5	HLA-B*45:01	4	None	1	0	9580.852	8433.636	5.686	7.685	4.972	6.700	3.918	0.323	34.112	30.112	66.211	0.397	26.286	126.000	0.333	Poor	Pending
chr14-91783159-91783160-T-A	695.TC2N.ENST00000435962.7.missense.471K/N				TC2N	K471N	4	NETVINPEK	ENST00000435962.7	True	True	2	HLA-B*45:01	1	None	1	0	2739.101	3010.264	3.250	3.700	6.800	6.200	0.929	1.063	2.051	2.258	1.985	0.125	0.248	16.000	0.151	Poor	Pending
chr12-112043094-112043095-A-C	631.NAA25.ENST00000261745.9.missense.789S/R				NAA25	S789R	1	YELDTRGL	ENST00000261745.9	True	True	1	HLA-B*45:01	6	None	1	0	7843.255	14408.453	6.950	11.924	7.200	16.070	61.463	54.102	3.577	5.389	23.927	1.000	23.927	192.000	1.000	Poor	Pending
chr7-128815875-128815876-C-G	414.CCDC136.ENST00000297788.9.missense.1103S/C				CCDC136	S1103C	1	EEEEDDADC	ENST00000297788.9	True	True	1	HLA-B*45:01	9	None	2	0	3280.467	3826.274	4.550	4.950	4.700	4.800	0.883	1.150	6.473	10.089	4.998	0.250	1.250	32.000	0.200	Poor	Pending
chr11-63544840-63544860-GTGAGCACTTTGTCACCCAGC-G	602.PLAAT4.ENST00000255688.8.FS.113-120GTGAGCACTTTGTCACCCAGC/G				PLAAT4	FS113-120	1	CEIWQVPL	ENST00000255688.8	True	True	1	HLA-B*45:01	NA	None	1	0	5039.270	NA	4.505	NA	2.506	NA	18.307	NA	10.380	NA	43.703	0.115	5.026	426.000	0.071	Poor	Pending
chr22-26540809-26540810-G-T	917.TPST2.ENST00000338754.9.missense.274P/H				TPST2	P274H	1	IGKHGGVSL	ENST00000338754.9	True	True	1	HLA-B*82:02	4	None	1	0	5099.027	4989.872	4.539	2.550	6.200	4.740	0.404	0.251	2.929	1.190	28.333	0.210	5.950	371.000	0.203	Poor	Pending
chr11-6410863-6410864-C-T	586.APBB1.ENST00000609360.6.missense.162E/K				APBB1	E162K	3	GEAEEEEKD	ENST00000609360.6	True	True	5	HLA-B*45:01	8	None	1	0	3743.879	2485.221	7.997	4.644	8.500	6.700	7.894	4.289	4.548	4.473	6.678	1.000	6.678	65.000	1.000	Poor	Pending
chr2-175093191-175093192-C-G	158.ATF2.ENST00000264110.7.missense.352D/H				ATF2	D352H	1	HEKRRKFLE	ENST00000264110.7	True	True	1	HLA-B*45:01	1	None	1	0	11919.838	19454.847	8.000	14.500	8.700	16.000	5.580	10.040	10.803	16.859	100.906	0.445	44.903	878.000	0.461	Poor	Pending
chr2-71611503-71611504-C-G	135.DYSF.ENST00000410020.8.missense.1367L/V				DYSF	L1367V	11	RNMKSYQVA	ENST00000410020.8	True	True	1	HLA-B*45:01	8	None	1	0	3710.915	5311.435	3.150	4.150	2.900	4.300	1.066	2.680	15.509	25.112	0.119	1.000	0.119	2.000	1.000	Poor	Pending
chrX-154349376-154349377-C-G	1024.FLNA.ENST00000369850.10.missense.2581D/H				FLNA	D2581H	1	SSFTVHCSK	ENST00000369850.10	True	True	1	HLA-A*29:02	6	None	1	0	12818.702	17958.420	10.593	18.575	14.240	19.400	3.043	13.326	14.190	16.540	706.463	0.998	705.050	5609.000	0.992	Poor	Pending
chr3-33053544-33053545-G-T	200.GLB1.ENST00000307363.10.missense.246S/R				GLB1	S246R	1	TTVDFGTGR	ENST00000307363.10	True	True	1	HLA-A*29:02	9	None	1	0	12897.202	20838.837	5.460	20.000	7.920	21.000	2.598	4.784	2.506	39.872	77.589	0.253	19.630	782.000	0.314	Poor	Pending
chr8-123220246-123220247-C-A	451.C8orf76.ENST00000276704.6.missense.333E/D				C8orf76	E333D	1	HPDVKCVGS	ENST00000276704.6	True	True	1	HLA-B*82:02	3	None	1	0	10272.760	12443.720	4.200	7.000	4.500	6.100	3.684	4.614	9.879	17.759	45.915	0.173	7.943	352.000	0.129	Poor	Pending
chr20-17659330-17659331-C-T	892.RRBP1.ENST00000377813.6.missense.393E/K				RRBP1	E393K	1	NQGKKVKGA	ENST00000377813.6	True	True	1	HLA-B*45:01	7	None	1	0	15310.574	12423.337	8.489	7.400	8.000	7.700	8.977	6.275	15.409	11.059	153.904	0.493	75.875	676.000	0.574	Poor	Pending
chr6-46662451-46662452-C-G	338.SLC25A27.ENST00000371347.10.missense.154Q/E				SLC25A27	Q154E	2	VEMQMEGKR	ENST00000371347.10	True	True	1	HLA-B*45:01	2	None	1	0	4717.187	35656.275	8.647	40.037	7.800	39.075	18.078	51.717	6.947	41.372	14.615	0.521	7.614	71.000	0.484	Poor	Pending
chr9-37784015-37784016-T-A	485.EXOSC3.ENST00000327304.10.missense.124K/N				EXOSC3	K124N	1	VTANSGDIF	ENST00000327304.10	True	True	1	HLA-A*29:02	4	None	1	0	6920.212	9886.519	8.274	11.635	10.250	15.460	1.748	2.654	4.774	5.435	28.784	0.533	15.342	255.000	0.480	Poor	Pending
chr1-168179177-168179178-A-T	66.TIPRL.ENST00000367833.7.missense.34E/V				TIPRL	E34V	1	KSADVVKLA	ENST00000367833.7	True	True	1	HLA-B*45:01	6	None	1	0	11936.643	14832.024	6.429	11.110	9.630	13.020	2.007	5.496	6.429	20.422	55.746	0.332	18.508	927.000	0.273	Poor	Pending
chr8-125028638-125028639-T-C	452.WASHC5.ENST00000318410.12.missense.1135Y/C				WASHC5	Y1135C	1	YVRCTKLPR	ENST00000318410.12	True	True	1	HLA-A*29:02	4	None	1	0	6455.975	5628.810	9.035	8.250	8.600	8.200	18.826	18.949	17.090	16.659	65.088	0.212	13.799	448.000	0.139	Poor	Pending
chr7-27130623-27130624-C-T	364.HOXA4.ENST00000360046.10.missense.37G/D				HOXA4	G37D	1	GGPDGGPGY	ENST00000360046.10	True	True	1	HLA-A*29:02	4	None	1	0	5038.820	5061.965	3.500	3.800	4.000	4.000	3.244	4.839	2.015	2.072	1.689	0.375	0.633	16.000	0.375	Poor	Pending
chr1-39429921-39429922-G-C	24.MACF1.ENST00000564288.6.missense.5662E/Q				MACF1	E5662Q	1	RTLQQARQL	ENST00000564288.6	True	True	5	HLA-B*82:02	4	None	1	0	14898.450	15456.070	8.658	6.096	6.200	5.400	40.500	27.092	7.058	4.546	126.838	0.372	47.184	819.000	0.333	Poor	Pending
chr17-7588499-7588500-G-C	798.SOX15.ENST00000250055.3.missense.194Q/E				SOX15	Q194E	2	LPESDPRL	ENST00000250055.3	True	True	1	HLA-B*82:02	3	None	1	0	4506.610	2768.490	3.615	2.270	2.900	1.900	11.116	8.343	2.965	2.427	0.580	0.692	0.401	13.000	0.722	Poor	Pending
chr12-116009024-116009025-G-C	632.MED13L.ENST00000281928.9.missense.463A/G				MED13L	A463G	1	LPPPGSSKH	ENST00000281928.9	True	True	1	HLA-B*82:02	5	None	1	0	6614.630	8564.278	5.385	5.680	6.200	6.060	3.294	2.768	8.779	10.866	77.827	0.038	2.957	586.000	0.050	Poor	Pending
chr13-45399008-45399009-C-T	659.SLC25A30.ENST00000519676.6.missense.228M/I				SLC25A30	M228I	1	RIMNQRVL	ENST00000519676.6	True	True	1	HLA-B*82:02	2	None	1	0	8758.623	14413.570	7.450	7.350	6.300	4.800	42.764	53.722	7.475	7.243	20.311	0.520	10.562	223.000	0.451	Poor	Pending
chr15-43149136-43149137-G-C	722.TMEM62.ENST00000260403.7.missense.284W/C				TMEM62	W284C	1	LELEVGDCK	ENST00000260403.7	True	True	1	HLA-B*45:01	8	None	1	0	4702.848	5491.990	8.475	12.594	9.100	13.000	13.049	15.520	3.660	7.894	3.179	1.000	3.179	39.000	0.960	Poor	Pending
chr1-183880710-183880711-A-C	71.RGL1.ENST00000360851.4.missense.174Y/S				RGL1	Y174S	1	KLLDSLTRM	ENST00000360851.4	True	True	1	HLA-A*29:02	5	None	1	0	5795.192	3727.115	3.058	1.629	6.500	3.400	3.116	0.616	1.397	0.808	0.461	0.286	0.132	7.000	0.300	Poor	Pending
chr7-157005551-157005552-G-A	424.MNX1.ENST00000252971.11.missense.392P/S				MNX1	P392S	1	SEDDSPPS	ENST00000252971.11	True	True	1	HLA-B*45:01	8	None	1	0	7233.525	4395.190	3.380	3.577	3.260	3.300	12.704	3.855	7.450	2.381	18.982	0.040	0.759	101.000	0.054	Poor	Pending
chr6-43340177-43340178-C-G	335.ZNF318.ENST00000361428.3.missense.1274G/R				ZNF318	G1274R	1	SFRKFSWKK	ENST00000361428.3	True	True	1	HLA-A*29:02	3	None	1	0	10946.500	8001.157	4.844	3.808	5.788	4.616	2.691	1.784	11.566	8.000	12.831	0.377	4.837	106.000	0.347	Poor	Pending
chr1-52961569-52961570-C-A	33.SCP2.ENST00000371514.8.missense.155A/D				SCP2	A155D	1	SDHPVAPQM	ENST00000371514.8	True	True	1	HLA-B*82:02	2	None	1	0	18802.930	5815.560	9.265	2.104	13.000	4.800	0.186	0.289	6.280	1.784	51.669	0.534	27.591	219.000	0.482	Poor	Pending
chr7-97006043-97006044-G-C	401.DLX6.ENST00000518156.3.missense.23E/Q				DLX6	E23Q	1	FMQFGQQQQ	ENST00000518156.3	True	True	1	HLA-A*29:02	3	None	2	0	4505.550	6295.350	6.940	10.975	6.600	10.950	55.192	57.925	25.562	26.812	2.584	0.424	1.096	33.000	0.411	Poor	Pending
chr13-25541936-25541938-GA-CT	640.ATP8A2.ENST00000381655.7.missense.224D/L				ATP8A2	D224L	3	LMQTREVLM	ENST00000381655.7	True	True	1	HLA-A*29:02	1	None	2	0	3537.464	7111.135	5.250	8.273	4.400	8.000	25.182	35.643	6.078	6.823	0.145	NA	NA	NA	0.319	Poor	Pending
chr4-40808808-40808809-A-G	256.NSUN7.ENST00000381782.7.missense.676Y/C				NSUN7	Y676C	1	QHLCCRWVA	ENST00000381782.7	True	True	1	HLA-B*45:01	4	None	2	0	3678.673	3603.123	6.248	5.550	5.200	4.600	7.982	0.780	37.872	29.112	0.405	0.333	0.135	6.000	0.471	Poor	Pending
chr15-40622779-40622780-C-T	721.KNL1.ENST00000399668.7.missense.839P/L				KNL1	P839L	1	SVQKPKFLK	ENST00000399668.7	True	True	1	HLA-A*29:02	8	None	1	0	11386.919	15028.916	6.335	18.405	6.400	22.000	9.301	39.192	2.067	2.656	13.527	0.492	6.655	128.000	0.444	Poor	Pending
chr19-17052841-17052842-C-G	865.HAUS8.ENST00000253669.10.missense.304K/N				HAUS8	K304N	1	VTAKNDLEL	ENST00000253669.10	True	True	1	HLA-A*29:02	5	None	1	0	8018.346	9813.849	9.150	11.328	9.400	16.000	7.388	8.541	9.400	8.028	10.348	0.602	6.229	98.000	0.548	Poor	Pending
chr18-80138228-80138229-G-T	839.ADNP2.ENST00000262198.9.missense.939R/I				ADNP2	R939I	1	LVRCISAPK	ENST00000262198.9	True	True	1	HLA-A*29:02	5	None	1	0	12312.964	19320.165	17.500	33.000	19.000	33.000	12.136	45.869	21.809	25.680	19.521	0.959	18.721	122.000	1.000	Poor	Pending
chr6-33723018-33723020-CA-TG	332.IP6K3.ENST00000293756.5.missense.311-312SV/SI	1			IP6K3	SV311-312SI	2	IIRSQSSY	ENST00000293756.5	True	True	1	HLA-A*29:02	1	None	2	1	6192.695	7127.513	3.421	3.210	3.850	3.030	29.950	32.717	2.796	2.995	0.009	NA	NA	NA	0.718	Poor	Pending
chr8-66813873-66813874-C-T	448.SGK3.ENST00000521198.7.missense.92A/V				SGK3	A92V	1	FIKQRRVGL	ENST00000521198.7	True	True	1	HLA-B*82:02	7	None	1	0	6704.940	7039.850	6.037	8.285	5.040	4.570	7.035	15.280	4.274	10.259	2.109	0.571	1.204	7.000	0.230	Poor	Pending
chr9-35750917-35750918-C-T	484.RGP1.ENST00000378078.5.missense.139T/I				RGP1	T139I	1	YVYKLIIGC	ENST00000378078.5	True	True	1	HLA-A*29:02	6	None	1	0	12007.495	8961.610	9.659	6.450	10.419	6.500	0.561	0.829	25.912	21.580	12.548	0.995	12.485	194.000	0.979	Poor	Pending
chr19-422192-422193-G-C	840.SHC2.ENST00000264554.11.missense.525H/D				SHC2	H525D	1	GMDAGQPKH	ENST00000264554.11	True	True	1	HLA-A*29:02	3	None	1	0	6285.960	4157.485	5.800	5.158	5.600	4.215	28.228	22.241	13.490	10.103	8.139	0.070	0.570	115.000	0.110	Poor	Pending
chr1-223264671-223264672-G-C	88.SUSD4.ENST00000366878.9.missense.228L/V				SUSD4	L228V	1	LECLQNVIW	ENST00000366878.9	True	True	1	HLA-B*45:01	7	None	1	0	8207.000	8271.562	10.028	13.594	9.400	15.000	18.974	19.967	7.728	8.444	24.362	0.203	4.945	236.000	0.374	Poor	Pending
chrX-78015862-78015863-G-C	998.ATP7A.ENST00000341514.11.missense.870D/H		1		ATP7A	D870H	11	IEGHSMVHE	ENST00000341514.11	True	True	1	HLA-B*45:01	8	None	2	1	10725.195	15040.115	8.100	10.800	9.300	7.600	3.957	6.561	22.130	31.612	5.153	0.951	4.901	41.000	0.982	Poor	Pending
chr20-59944225-59944226-A-G	910.FAM217B.ENST00000360816.8.missense.95S/G				FAM217B	S95G	1	DEDSAGDLS	ENST00000360816.8	True	True	1	HLA-B*45:01	6	None	1	0	14353.964	14805.790	7.223	7.246	12.000	11.000	6.645	4.757	4.142	4.496	16.580	0.446	7.395	130.000	0.578	Poor	Pending
chr10-104021651-104021652-G-T	523.SLK.ENST00000369755.4.missense.1160E/D				SLK	E1160D	1	VEHDTQKLK	ENST00000369755.4	True	True	1	HLA-B*45:01	4	None	1	0	8923.359	7480.287	6.095	5.570	7.700	8.000	6.289	5.940	2.080	2.129	21.369	0.057	1.218	418.000	0.068	Poor	Pending
chr3-56617278-56617279-G-C	212.CCDC66.ENST00000394672.8.missense.671E/Q				CCDC66	E671Q	1	TQDKGASLQ	ENST00000394672.8	True	True	1	HLA-A*29:02	9	None	1	0	31445.779	35325.790	36.325	49.290	42.000	56.000	22.692	24.422	29.112	41.872	24.974	1.000	24.974	133.000	1.000	Poor	Pending
chrX-107601385-107601386-G-T	1012.FRMPD3.ENST00000683843.1.missense.1116S/I				FRMPD3	S1116I	1	RIKLEETSL	ENST00000683843.1	True	True	NA	HLA-B*82:02	2	None	1	0	10893.081	13501.892	3.176	6.475	6.880	13.790	1.721	3.693	2.226	3.975	0.100	0.500	0.050	4.000	0.391	Poor	Pending
chrX-9937278-9937279-G-C	954.SHROOM2.ENST00000380913.8.missense.1245D/H				SHROOM2	D1245H	1	LEKHQIKTL	ENST00000380913.8	True	True	1	HLA-B*45:01	4	None	1	0	12001.565	10571.480	3.800	3.200	6.300	6.300	2.683	2.079	1.176	0.504	0.608	1.000	0.608	4.000	1.000	Poor	Pending
chrX-71378281-71378287-GAGATAT-G	993.TAF1.ENST00000423759.6.inframe_del.327-329GDI/G				TAF1	GDI327-329G	1	KFSQSTGDK	ENST00000423759.6	True	True	5	HLA-A*29:02	9	None	1	0	13926.876	8908.986	15.083	15.500	15.166	16.000	10.466	9.774	38.872	38.872	18.137	0.745	13.512	153.000	0.894	Poor	Pending
chr19-6044262-6044263-G-C	845.RFX2.ENST00000303657.10.missense.37A/G				RFX2	A37G	1	AGSSNPKGA	ENST00000303657.10	True	True	1	HLA-B*45:01	2	None	1	0	18548.787	21160.557	14.000	13.500	13.000	14.000	2.484	1.148	30.612	21.480	15.809	1.000	15.809	45.000	0.989	Poor	Pending
chr9-4286160-4286161-G-T	480.GLIS3.ENST00000381971.8.missense.89Q/K				GLIS3	Q89K	1	ALSPRRKML	ENST00000381971.8	True	True	5	HLA-B*82:02	7	None	1	0	11406.610	6389.410	3.841	3.812	3.830	4.310	3.851	3.314	19.380	14.084	2.761	0.043	0.119	23.000	0.153	Poor	Pending
chr7-92077866-92077867-G-C	386.AKAP9.ENST00000356239.8.missense.2313D/H				AKAP9	D2313H	1	QLKITTHNK	ENST00000356239.8	True	True	1	HLA-A*29:02	7	None	1	0	20518.141	27778.605	19.500	32.468	20.000	34.000	9.271	16.592	17.209	24.680	36.250	0.408	14.790	238.000	0.412	Poor	Pending
chr1-150261628-150261629-G-A	47.CA14.ENST00000369111.9.missense.83G/S				CA14	G83S	1	HNNSHTVQL	ENST00000369111.9	True	True	1	HLA-B*82:02	4	None	1	0	12229.090	12719.650	3.660	3.598	9.700	13.000	0.719	0.715	2.635	2.413	0.137	0.500	0.069	4.000	0.321	Poor	Pending
chr6-152325133-152325134-C-T	356.SYNE1.ENST00000367255.10.missense.5203E/K				SYNE1	E5203K	1	VAQDQKKIL	ENST00000367255.10	True	True	1	HLA-B*82:02	6	None	1	0	12041.420	20208.840	7.700	11.411	7.800	12.000	6.300	10.822	8.580	10.103	5.739	0.286	1.641	7.000	0.323	Poor	Pending
chr19-13765994-13765995-G-C	853.MRI1.ENST00000040663.8.missense.138R/T				MRI1	R138T	1	LEKDLTDNR	ENST00000040663.8	True	True	1	HLA-B*45:01	6	None	1	0	15276.841	21877.790	10.600	18.331	14.000	21.000	6.829	19.661	4.724	6.723	24.532	0.201	4.931	389.000	0.224	Poor	Pending
chr15-40622778-40622779-C-T	717.KNL1.ENST00000399668.7.missense.839P/S				KNL1	P839S	1	SVQKPKFSK	ENST00000399668.7	True	True	1	HLA-A*29:02	8	None	1	0	19566.520	15028.916	12.900	18.405	13.000	22.000	19.361	39.192	3.050	2.656	13.527	0.492	6.655	128.000	0.444	Poor	Pending
chr1-27359862-27359863-T-G	9.MAP3K6.ENST00000357582.3.missense.772I/L				MAP3K6	I772L	1	RDLKGDNVL	ENST00000357582.3	True	True	1	HLA-B*82:02	3	None	1	0	24661.680	21685.370	22.096	14.328	29.000	24.510	4.231	3.702	14.596	8.028	32.590	0.315	10.266	295.000	0.260	Poor	Pending
chr3-186164997-186164998-C-T	251.DGKG.ENST00000265022.8.missense.706E/K				DGKG	E706K	1	KVVGLEGAM	ENST00000265022.8	True	True	1	HLA-A*29:02	1	None	1	0	6852.751	11717.510	12.000	19.096	12.000	16.000	12.112	24.295	12.609	15.346	0.612	1.000	0.612	2.000	0.518	Poor	Pending
chr22-37570267-37570268-C-G	921.LGALS2.ENST00000215886.6.missense.132E/Q				LGALS2	E132Q	1	NMSSFKLKQ	ENST00000215886.6	True	True	1	HLA-A*29:02	9	None	1	0	8035.339	10549.743	7.350	13.000	7.500	13.000	4.201	4.757	34.572	56.143	0.067	0.222	0.015	9.000	0.484	Poor	Pending
chr7-140024672-140024681-TCAAAGATCA-T	419.PARP12.ENST00000263549.8.inframe_del.662-665VIFE/E	1			PARP12	VIFE662-665E	1	SVSDPSIFE	ENST00000263549.8	True	True	1	HLA-A*29:02	9	None	2	1	16654.096	7252.230	15.500	6.002	17.000	6.900	0.725	0.584	13.053	7.353	29.767	0.153	4.554	307.000	0.108	Poor	Pending
chr4-154491218-154491219-G-C	271.DCHS2.ENST00000357232.10.missense.46S/C				DCHS2	S46C	1	TQRCLLWLL	ENST00000357232.10	True	True	1	HLA-B*82:02	4	None	1	0	13914.930	11614.220	11.700	7.746	16.000	12.240	4.310	2.857	26.812	19.780	2.425	1.000	2.425	17.000	0.963	Poor	Pending
chr15-40622778-40622780-CC-TT	719.KNL1.ENST00000399668.7.missense.839P/L				KNL1	P839L	1	SVQKPKFLK	ENST00000399668.7	True	True	1	HLA-A*29:02	8	None	1	0	11386.919	15028.916	6.335	18.405	6.400	22.000	9.301	39.192	2.067	2.656	13.527	NA	NA	NA	0.450	Poor	Pending
chrX-68717715-68717716-G-A	991.STARD8.ENST00000374599.8.missense.268G/S				STARD8	G268S	1	ATSASGSGA	ENST00000374599.8	True	True	1	HLA-B*45:01	5	None	1	0	15711.380	14390.858	7.900	7.650	8.100	8.100	1.986	1.843	26.962	26.712	0.753	1.000	0.753	3.000	1.000	Poor	Pending
chr14-32773880-32773881-G-T	679.AKAP6.ENST00000280979.9.missense.1192M/I				AKAP6	M1192I	1	KIGKESETL	ENST00000280979.9	True	True	1	HLA-B*82:02	2	None	1	0	21115.779	22129.810	20.790	23.060	23.580	33.120	8.375	9.814	19.222	26.912	2.905	1.000	2.905	6.000	0.607	Poor	Pending
chr4-176120050-176120052-AG-GA	274.WDR17.ENST00000508596.6.missense.164-165KV/KI				WDR17	KV164-165KI	1	THQKGKIVF	ENST00000508596.6	True	True	1	HLA-B*82:02	7	None	1	0	19688.855	19038.371	6.094	5.779	26.000	23.000	1.297	1.220	3.644	3.379	0.514	NA	NA	NA	0.508	Poor	Pending
chrX-149930830-149930831-G-A	1022.HSFX4.ENST00000457775.3.missense.243R/H				HSFX4	R243H	1	QSFRHSGMW	ENST00000457775.3	True	True	3	HLA-A*29:02	5	None	1	0	9111.604	13005.060	12.573	19.309	16.000	21.000	3.198	11.190	5.558	11.659	0.012	0.286	0.003	7.000	0.422	Poor	Pending
chr1-227091906-227091907-GC-G	99.CDC42BPA.ENST00000366766.8.FS.778GC/G				CDC42BPA	FS778	1	VLLTEENKN	ENST00000366766.8	True	True	5	HLA-A*29:02	9	None	1	0	37126.609	26137.435	50.500	29.822	55.000	28.000	45.412	44.664	72.643	21.322	40.050	0.061	2.443	312.000	0.236	Poor	Pending
chr9-137436071-137436072-C-T	506.ENTPD8.ENST00000371506.7.missense.331G/S				ENTPD8	G331S	1	SCQSQEDCA	ENST00000371506.7	True	True	5	HLA-B*45:01	4	None	1	0	14656.055	19758.785	12.236	13.000	12.000	12.000	10.651	11.846	59.643	42.372	0.236	0.500	0.118	4.000	0.346	Poor	Pending
chr16-49281350-49281351-C-T	777.CBLN1.ENST00000219197.11.missense.39D/N				CBLN1	D39N	1	LVVCNSNPT	ENST00000219197.11	True	True	1	HLA-B*82:02	5	None	1	0	21748.359	26346.071	33.765	38.793	14.120	23.240	40.530	44.586	73.643	75.143	0.713	0.400	0.285	5.000	0.215	Poor	Pending
chr2-106425181-106425182-C-T	144.RGPD3.ENST00000409886.4.missense.929E/K				RGPD3	E929K	1	GFKFGISK	ENST00000409886.4	True	True	1	HLA-A*29:02	8	None	1	0	21312.445	31539.421	24.451	45.500	26.709	40.000	65.957	72.404	19.596	71.643	0.014	0.364	0.005	22.000	0.139	Poor	Pending
chr11-20638483-20638484-T-A	587.SLC6A5.ENST00000525748.6.missense.632V/E	1			SLC6A5	V632E	1	YMFQLEDTY	ENST00000525748.6	True	True	1	HLA-A*29:02	6	None	6	1	11.739	9.048	0.077	0.028	0.170	0.100	0.070	0.010	0.037	0.023	0.006	0.000	0.000	1.000	0.452	NoExpr	Pending
chr20-59301546-59301547-G-T	904.EDN3.ENST00000337938.7.missense.64G/W		1		EDN3	G64W	6	GEWTVAPTA	ENST00000337938.7	True	True	1	HLA-B*45:01	3	None	2	1	42.900	80.962	0.069	0.077	0.160	0.120	0.088	0.037	0.033	0.046	0.019	0.000	0.000	0.000	0.220	NoExpr	Pending
chr11-124319973-124319974-G-A	616.OR8D2.ENST00000624618.2.missense.75S/F	1			OR8D2	S75F	1	SFIDLCYSF	ENST00000624618.2	True	True	NA	HLA-A*29:02	9	None	3	1	72.408	2258.116	0.131	3.200	0.270	3.100	0.064	0.673	0.083	16.709	0.000	0.000	0.000	0.000	1.000	NoExpr	Pending
chr2-195816717-195816718-T-G	183.DNAH7.ENST00000312428.11.missense.3224E/A	2		1	DNAH7	E3224A	1	ANIAPMYQY	ENST00000312428.11	True	True	1	HLA-A*29:02	4	None	6	3	53.748	70.854	0.261	0.250	0.270	0.300	0.252	0.165	0.244	0.188	0.478	0.000	0.000	0.000	0.167	NoExpr	Pending
chr9-81992222-81992223-C-G	490.SPATA31D1.ENST00000344803.3.missense.585Q/E			1	SPATA31D1	Q585E	1	QPESPFRAL	ENST00000344803.3	True	True	2	HLA-B*82:02	3	None	2	1	187.910	99.603	0.126	0.053	0.200	0.200	0.081	0.042	0.090	0.037	0.000	1.000	0.000	2.000	0.693	NoExpr	Pending
chr17-11784434-11784435-G-C	819.DNAH9.ENST00000262442.9.missense.2653D/H			1	DNAH9	D2653H	2	IPPLIHLAL	ENST00000262442.9	True	True	1	HLA-B*82:02	6	None	3	1	188.823	715.760	0.170	0.235	0.300	0.300	0.004	0.047	0.315	0.673	0.061	0.000	0.000	0.000	0.349	NoExpr	Pending
chr14-91235009-91235029-GGTACAGCTCATCGAGGAGTT-G	692.GPR68.ENST00000650645.1.FS.8-14GGTACAGCTCATCGAGGAGTT/G			3	GPR68	FS8-14	3	LPGQLPVPL	ENST00000650645.1	True	True	NA	HLA-B*82:02	NA	None	15	3	158.560	NA	0.245	NA	0.200	NA	0.290	NA	0.478	NA	0.177	0.000	0.000	34.000	0.093	NoExpr	Pending
chr15-69049033-69049034-G-C	751.NOX5.ENST00000388866.8.missense.659D/H		1		NOX5	D659H	5	LEMHQAEEA	ENST00000388866.8	True	True	1	HLA-B*45:01	4	None	2	1	116.011	142.262	0.300	0.286	0.300	0.300	0.365	0.272	0.251	0.234	0.160	0.000	0.000	0.000	0.396	NoExpr	Pending
chr18-60371739-60371740-T-G	837.MC4R.ENST00000299766.5.missense.204M/L	2			MC4R	M204L	1	MFFTLLALM	ENST00000299766.5	True	True	NA	HLA-A*29:02	5	None	7	2	60.516	56.745	0.410	0.410	0.400	0.400	0.285	0.228	1.069	1.181	0.000	0.000	0.000	0.000	1.000	NoExpr	Pending
chr16-25221522-25221523-G-C	770.AQP8.ENST00000219660.6.missense.109M/I	1			AQP8	M109I	2	LNLVILLPY	ENST00000219660.6	True	True	1	HLA-A*29:02	5	None	3	1	67.052	74.412	0.400	0.485	0.400	0.470	0.187	0.275	0.792	0.970	0.000	0.000	0.000	0.000	0.247	NoExpr	Pending
chr7-132508196-132508197-C-A	415.PLXNA4.ENST00000321063.9.missense.166S/I		1		PLXNA4	S166I	4	NEIGSVFGV	ENST00000321063.9	True	True	5	HLA-B*45:01	3	None	2	1	315.684	319.741	0.235	0.398	0.560	0.740	0.081	0.104	0.204	0.398	0.575	0.000	0.000	2.000	0.281	NoExpr	Pending
chr6-10801907-10801908-C-G	315.MAK.ENST00000354489.7.missense.272R/P			1	MAK	R272P	5	KPPTASQAL	ENST00000354489.7	True	True	5	HLA-B*82:02	2	None	1	1	281.920	18082.797	0.289	9.225	0.400	8.400	0.178	10.050	0.363	8.903	0.038	0.000	0.000	1.000	0.323	NoExpr	Pending
chr11-56542446-56542447-T-C	591.OR5M11.ENST00000528616.5.missense.271K/E		1		OR5M11	K271E	1	SEIIAVFYT	ENST00000528616.5	True	True	NA	HLA-B*45:01	2	None	8	1	132.820	14332.977	0.445	11.158	0.490	10.316	0.084	1.386	0.646	29.112	0.000	0.000	0.000	0.000	0.291	NoExpr	Pending
chr15-84036950-84036951-A-T	756.ADAMTSL3.ENST00000286744.10.missense.1645I/F			1	ADAMTSL3	I1645F	2	KPFSWRHCL	ENST00000286744.10	True	True	1	HLA-B*82:02	3	None	1	1	382.466	413.520	0.134	0.127	0.100	0.132	0.168	0.122	0.145	0.186	2.043	0.000	0.000	0.000	0.366	NoExpr	Pending
chr11-59364558-59364559-T-A	595.OR5AN1.ENST00000641998.1.missense.34V/E	1	1		OR5AN1	V34E	3	LFTIFLEIY	ENST00000641998.1	True	True	NA	HLA-A*29:02	7	None	5	2	129.345	173.745	0.467	0.530	0.800	0.560	0.052	0.035	0.415	0.468	0.154	0.000	0.000	0.000	0.116	NoExpr	Pending
chr10-60186848-60186849-G-T	519.ANK3.ENST00000280772.7.missense.651L/M	1	1		ANK3	L651M	3	DIATTLMEY	ENST00000280772.7	True	True	1	HLA-A*29:02	7	None	5	2	159.355	80.833	0.447	0.280	0.850	0.392	0.276	0.084	0.263	0.195	0.163	0.000	0.000	0.000	0.134	NoExpr	Pending
chr4-114833618-114833619-A-G	265.NDST4.ENST00000264363.7.missense.795S/P	1			NDST4	S795P	1	YNYPEALTF	ENST00000264363.7	True	True	1	HLA-A*29:02	4	None	2	1	254.403	278.394	0.400	0.535	0.522	0.661	0.156	0.220	0.180	0.516	0.003	0.000	0.000	0.000	0.187	NoExpr	Pending
chr17-3433668-3433669-G-T	792.OR1E2.ENST00000248384.1.missense.58P/H	1			OR1E2	P58H	1	HLHTHVYLF	ENST00000248384.1	True	True	NA	HLA-A*29:02	5	None	2	1	428.972	544.771	0.265	0.378	1.200	1.100	0.056	0.170	0.160	0.263	0.000	0.000	0.000	2.000	0.312	NoExpr	Pending
chr2-110933496-110933497-G-A	149.ACOXL.ENST00000439055.6.missense.305G/E		1		ACOXL	G305E	3	AEALLDEDV	ENST00000439055.6	True	True	2	HLA-B*45:01	2	None	2	1	185.903	15206.066	0.600	18.000	0.600	17.000	0.479	10.845	0.532	53.872	0.188	0.000	0.000	2.000	1.000	NoExpr	Pending
chr16-67239382-67239411-GCTGCTCTTCCAGGGACAGCTCGGTGTCCA-G	783.FHOD1.ENST00000258201.9.FS.82-91GCTGCTCTTCCAGGGACAGCTCGGTGTCCA/G			1	FHOD1	FS82-91	1	YPGDAGGLL	ENST00000258201.9	True	True	1	HLA-B*82:02	NA	None	2	1	329.876	NA	0.436	NA	0.400	NA	0.473	NA	0.748	NA	20.928	0.000	0.000	131.000	0.133	NoExpr	Pending
chr3-38698510-38698511-G-A	203.SCN10A.ENST00000449082.3.missense.1570T/M	1		1	SCN10A	T1570M	3	SPMLFRVI	ENST00000449082.3	True	True	1	HLA-B*82:02	3	None	6	2	386.120	1374.550	0.390	1.013	0.190	0.850	0.740	1.156	1.141	1.527	0.004	0.000	0.000	0.000	0.273	NoExpr	Pending
chr3-154284954-154284982-GAGGTGTCAATTCTTCTTGTTTATCCAAA-G	232.DHX36.ENST00000496811.6.FS.679-688GAGGTGTCAATTCTTCTTGTTTATCCAAA/G	1	1		DHX36	FS679-688	3	ALESTWHDY	ENST00000496811.6	True	True	1	HLA-A*29:02	NA	None	5	2	242.821	NA	0.572	NA	0.720	NA	0.264	NA	0.315	NA	66.432	0.000	0.000	445.000	0.086	NoExpr	Pending
chr6-131710718-131710719-T-C	355.CTAGE9.ENST00000314099.10.missense.100Q/R	1			CTAGE9	Q100R	1	KFSLIRKEY	ENST00000314099.10	True	True	NA	HLA-A*29:02	6	None	3	1	321.425	157.385	0.630	0.410	0.730	0.500	0.841	0.697	0.168	0.096	0.000	0.000	0.000	0.000	0.103	NoExpr	Pending
chr1-16006133-16006134-G-T	4.SRARP.ENST00000329454.2.missense.100G/W				SRARP	G100W	1	TPMGWGCL	ENST00000329454.2	True	True	1	HLA-B*82:02	5	None	2	0	508.870	560.916	0.800	0.575	0.330	0.450	5.567	5.315	14.309	2.888	0.082	0.000	0.000	0.000	1.000	NoExpr	Pending
chr19-8969814-8969831-ACGTGGAATTTCCTTGTG-A	851.MUC16.ENST00000397910.8.FS.3175-3180ACGTGGAATTTCCTTGTG/A	1			MUC16	FS3175-3180	1	VTNRKYVGY	ENST00000397910.8	False	True	5	HLA-A*29:02	NA	None	11	1	489.815	NA	0.875	NA	1.800	NA	0.282	NA	0.242	NA	0.003	0.000	0.000	0.000	0.750	NoExpr	Pending
chr21-30755335-30755336-C-T	911.KRTAP21-1.ENST00000335093.5.missense.15G/S	1			KRTAP21-1	G15S	1	YGSSCGCGY	ENST00000335093.5	True	True	NA	HLA-A*29:02	4	None	1	1	256.025	300.112	1.250	1.200	1.400	1.300	1.984	1.687	0.987	0.979	0.000	0.000	0.000	0.000	0.470	NoExpr	Pending
chr22-46257698-46257699-G-A	938.PKDREJ.ENST00000253255.7.missense.1875T/I	2			PKDREJ	T1875I	1	LHIYGSGGY	ENST00000253255.7	True	True	NA	HLA-A*29:02	3	None	6	2	325.577	1171.796	1.143	2.402	0.962	1.745	6.118	7.970	1.097	2.280	0.020	0.000	0.000	1.000	0.270	NoExpr	Pending
chr1-13318693-13318694-G-A	3.PRAMEF15.ENST00000376152.2.missense.96R/H				PRAMEF15	R96H	1	HPRRWKLQV	ENST00000376152.2	True	True	1	HLA-B*82:02	1	None	1	0	717.658	2015.954	0.685	0.602	0.270	0.402	1.255	0.801	1.140	1.834	0.000	0.000	0.000	0.000	0.098	NoExpr	Pending
chr14-23425383-23425384-T-G	672.MYH7.ENST00000355349.4.missense.774E/A		1		MYH7	E774A	1	AEMRDERLS	ENST00000355349.4	True	True	1	HLA-B*45:01	1	None	2	1	414.521	1287.734	1.090	1.697	1.100	2.300	1.079	1.694	0.913	1.056	0.005	0.000	0.000	0.000	0.192	NoExpr	Pending
chr6-73363141-73363172-CTTGATTCACGTGAATCGATTGGACCCTAACG-C	344.KHDC3L.ENST00000370367.4.FS.73-83CTTGATTCACGTGAATCGATTGGACCCTAACG/C	1			KHDC3L	FS73-83	1	QIARLRSWY	ENST00000370367.4	True	True	1	HLA-A*29:02	NA	None	3	1	423.668	NA	1.204	NA	1.800	NA	0.677	NA	0.687	NA	0.000	0.000	0.000	0.000	0.113	NoExpr	Pending
chrX-32389609-32389610-C-T	958.DMD.ENST00000357033.9.missense.1470R/H				DMD	R1470H	3	KPANFEQHL	ENST00000357033.9	True	True	1	HLA-B*82:02	8	None	1	0	1156.462	1504.541	0.549	0.548	0.900	1.060	0.198	0.456	0.446	0.380	3.178	0.000	0.000	0.000	1.000	NoExpr	Pending
chrX-141003559-141003560-C-G	1020.SPANXB1.ENST00000449283.2.missense.74L/V				SPANXB1	L74V	1	EELVNDHA	ENST00000449283.2	True	True	1	HLA-B*45:01	4	None	3	0	780.889	796.971	0.880	0.890	0.747	0.692	10.301	11.139	1.319	1.234	0.000	0.000	0.000	0.000	0.830	NoExpr	Pending
chr6-30986467-30986468-T-C	325.MUC21.ENST00000376296.3.missense.98V/A				MUC21	V98A	1	SEFSTASSG	ENST00000376296.3	True	True	1	HLA-B*45:01	6	None	2	0	698.520	475.871	1.102	0.804	1.800	1.200	1.304	0.809	0.547	0.455	0.123	0.000	0.000	0.000	0.662	NoExpr	Pending
chr2-222689427-222689428-G-T	193.MOGAT1.ENST00000446656.4.missense.146W/L	1			MOGAT1	W146L	1	LPLLFWCPV	ENST00000446656.4	True	True	5	HLA-B*82:02	4	None	6	1	982.900	823.400	0.803	0.722	0.666	0.680	0.392	0.469	8.078	9.253	0.091	0.000	0.000	2.000	0.349	NoExpr	Pending
chr2-106830076-106830077-G-C	147.ST6GAL2.ENST00000409382.8.missense.436S/C				ST6GAL2	S436C	3	QPNPPSCGF	ENST00000409382.8	True	True	1	HLA-B*82:02	7	None	1	0	1449.620	573.700	0.540	0.231	0.900	1.000	0.020	0.014	0.613	0.186	0.080	0.000	0.000	1.000	0.694	NoExpr	Pending
chr17-41771694-41771736-GTGTACTGGCGCCCGCAGGCCTCATCCTCCTCCATGATGCCCT-G	824.JUP.ENST00000393931.8.inframe_del.40-54KGIMEEDEACGRQYT/T	1			JUP	KGIMEEDEACGRQYT40-54T	3	VPSVSSTL	ENST00000393931.8	True	True	1	HLA-B*82:02	7, 8	None	2	1	1524.339	17412.970	0.620	20.000	0.520	16.192	4.020	55.351	1.770	60.643	7.210	0.000	0.000	5.000	0.224	NoExpr	Pending
chr11-64593669-64593670-G-C	609.SLC22A12.ENST00000377574.6.missense.233V/L	1			SLC22A12	V233L	3	RARPLLMTL	ENST00000377574.6	True	True	1	HLA-B*82:02	6	None	2	1	1904.939	1844.099	0.303	0.256	0.326	0.292	0.113	0.090	1.192	0.655	0.000	0.000	0.000	0.000	0.155	NoExpr	Pending
chr1-207623001-207623002-C-G	81.CR1.ENST00000367049.9.missense.2429S/C				CR1	S2429C	5	GTLCGTIFF	ENST00000367049.9	True	True	5	HLA-A*29:02	4	None	2	0	966.865	587.027	1.008	0.533	1.000	0.820	0.263	0.179	1.358	0.468	0.135	0.000	0.000	0.000	0.285	NoExpr	Pending
chr19-13931970-13931971-A-G	854.PODNL1.ENST00000588872.3.missense.523F/L			1	PODNL1	F523L	1	TPRLRALL	ENST00000588872.3	True	True	3	HLA-B*82:02	8	None	2	1	1529.680	2047.020	0.655	1.500	0.610	1.200	3.108	3.465	2.467	6.078	7.123	0.000	0.000	12.000	0.142	NoExpr	Pending
chr14-26448937-26448938-G-C	675.NOVA1.ENST00000539517.7.missense.182T/R				NOVA1	T182R	2	VPNSRAGLI	ENST00000539517.7	True	True	1	HLA-B*82:02	5	None	2	0	1188.054	1566.800	0.940	0.843	0.380	1.100	1.767	0.585	1.425	2.114	0.694	0.000	0.000	2.000	0.462	NoExpr	Pending
chr19-38802098-38802099-G-A	872.LGALS4.ENST00000307751.9.missense.240R/C				LGALS4	R240C	1	NPCMGNGTV	ENST00000307751.9	True	True	1	HLA-B*82:02	3	None	1	0	1228.340	793.399	0.965	0.302	1.100	0.390	0.699	0.215	2.142	1.306	0.232	0.000	0.000	0.000	1.000	NoExpr	Pending
chr3-122927970-122927971-G-C	220.SEMA5B.ENST00000357599.8.missense.223I/M	1			SEMA5B	I223M	6	MNGVARCPY	ENST00000357599.8	True	True	1	HLA-A*29:02	1	None	3	1	415.495	1564.000	1.900	2.700	1.500	2.500	21.176	17.329	1.838	2.322	0.169	0.000	0.000	0.000	1.000	NoExpr	Pending
chr1-204986102-204986103-C-G	79.NFASC.ENST00000513543.6.missense.923T/S				NFASC	T923S	4	KEFTSPEGV	ENST00000513543.6	False	False	1	HLA-B*45:01	5	None	4	0	795.956	826.173	1.485	1.431	1.611	1.640	1.490	0.999	0.208	0.187	0.974	0.000	0.000	0.000	0.596	NoExpr	Pending
chr6-122781239-122781240-C-G	354.FABP7.ENST00000356535.4.missense.132P/A				FABP7	P132A	1	FFSSAHTSH	ENST00000356535.4	False	False	1	HLA-A*29:02	5	None	4	0	1003.817	955.040	1.401	1.397	1.487	1.435	1.144	0.981	1.356	1.205	0.317	0.000	0.000	0.000	0.362	NoExpr	Pending
chr1-59858482-59858483-C-T	37.HOOK1.ENST00000371208.5.missense.433S/L				HOOK1	S433L	2	NEELRCLQV	ENST00000371208.5	True	True	1	HLA-B*45:01	7	None	3	0	1163.933	1124.905	1.342	1.565	2.090	1.800	0.135	0.351	0.867	1.067	0.230	0.000	0.000	0.000	0.394	NoExpr	Pending
chr1-45058674-45058675-G-A	30.ZSWIM5.ENST00000359600.6.missense.396L/F				ZSWIM5	L396F	1	FVADPRFTL	ENST00000359600.6	True	True	1	HLA-B*82:02	7	None	1	0	1748.560	1317.810	0.805	0.561	0.820	0.460	0.790	1.588	0.606	0.386	0.606	0.000	0.000	0.000	0.354	NoExpr	Pending
chr11-5968293-5968294-G-C	571.OR56A5.ENST00000532411.2.missense.67S/R				OR56A5	S67R	1	QPLYYLLRL	ENST00000532411.2	True	True	NA	HLA-B*82:02	8	None	4	0	1879.710	562.795	0.761	0.225	1.000	0.300	0.121	0.035	1.085	0.818	0.000	1.000	0.000	2.000	1.000	NoExpr	Pending
chr10-115241629-115241630-G-A	524.ATRNL1.ENST00000355044.8.missense.531G/E				ATRNL1	G531E	1	NEAMLIFGG	ENST00000355044.8	True	True	1	HLA-B*45:01	2	None	2	0	764.315	27414.162	1.750	33.000	1.500	26.000	0.203	3.408	2.331	87.643	0.262	0.000	0.000	0.000	0.443	NoExpr	Pending
chr1-243164805-243164806-G-C	108.CEP170.ENST00000366542.6.missense.1052H/D				CEP170	H1052D	3	KPDGRTPL	ENST00000366542.6	True	True	5	HLA-B*82:02	3	None	2	0	1942.290	2201.190	0.696	0.583	0.512	0.526	27.585	14.857	3.019	3.059	93.147	0.000	0.000	504.000	0.194	NoExpr	Pending
chr19-8955983-8955984-G-A	850.MUC16.ENST00000397910.8.missense.6929S/F				MUC16	S6929F	1	STMGHTTVF	ENST00000397910.8	False	True	5	HLA-A*29:02	9	None	1	0	1715.029	18985.311	0.960	14.451	2.300	15.903	0.311	2.842	0.197	28.012	0.003	0.000	0.000	0.000	0.471	NoExpr	Pending
chr2-160107761-160107762-T-A	153.ITGB6.ENST00000283249.7.missense.729I/F				ITGB6	I729F	5	CFWKLLVSF	ENST00000283249.7	True	True	1	HLA-A*29:02	2	None	3	0	1279.565	3781.711	1.400	3.500	2.000	3.600	0.231	0.349	1.106	2.549	0.093	0.000	0.000	0.000	0.225	NoExpr	Pending
chrX-7843975-7843976-C-T	952.VCX.ENST00000688183.1.missense.194P/L				VCX	P194L	4	VEEPLSQES	ENST00000688183.1	True	True	NA	HLA-B*45:01	5	None	3	0	1326.576	2515.045	1.364	2.600	2.500	3.700	1.228	0.650	0.619	0.553	0.000	0.000	0.000	0.000	1.000	NoExpr	Pending
chr3-156291991-156291992-G-T	233.KCNAB1.ENST00000302490.12.missense.29A/S				KCNAB1	A29S	2	SPNVVNAA	ENST00000302490.12	False	False	1	HLA-B*82:02	1	None	2	0	1247.040	4511.480	1.500	2.100	0.864	0.968	4.113	3.069	3.436	3.864	0.000	0.000	0.000	0.000	0.064	NoExpr	Pending
chr8-23368189-23368210-TGGCCACGTTGGCGGGGGCCTG-T	427.LOXL2.ENST00000389131.8.inframe_del.48-54QAPANVA/-				LOXL2	QAPANVA48-54-	1	APEYHQPKI	ENST00000389131.8	True	True	1	HLA-B*82:02	8, 9	None	3	0	2118.921	3723.191	0.795	1.165	1.000	1.400	0.398	0.479	0.624	0.974	102.877	0.000	0.000	110.000	0.706	NoExpr	Pending
chr11-123943666-123943667-G-C	615.OR6T1.ENST00000321252.3.missense.58Q/E				OR6T1	Q58E	1	RLHIEMYFF	ENST00000321252.3	True	True	NA	HLA-A*29:02	5	None	5	0	1515.162	1031.361	1.351	1.018	2.600	1.600	0.370	0.468	0.939	0.750	0.000	0.000	0.000	0.000	0.448	NoExpr	Pending
chr1-686482-686483-G-C	2.OR4F16.ENST00000332831.5.missense.58P/A				OR4F16	P58A	1	DPHLHSAM	ENST00000332831.5	True	True	NA	HLA-B*82:02	7	None	5	0	1733.380	1203.690	1.106	1.257	0.812	1.214	1.795	8.465	1.722	7.970	0.000	0.000	0.000	1.000	0.128	NoExpr	Pending
chr15-44767453-44767453-T-TC	732.TRIM69.ENST00000329464.9.FS.395T/TC				TRIM69	FS395	6	SEGQLSSNS	ENST00000329464.9	True	True	1	HLA-B*45:01	NA	None	1	0	880.756	NA	2.066	NA	2.042	NA	2.952	NA	1.406	NA	21.208	0.000	0.000	4.000	0.324	NoExpr	Pending
chr6-73363176-73363177-AG-A	345.KHDC3L.ENST00000370367.4.FS.84AG/A				KHDC3L	FS84	1	GELRSWYLG	ENST00000370367.4	True	True	1	HLA-B*45:01	NA	None	4	0	1001.990	NA	1.900	NA	1.500	NA	0.683	NA	3.230	NA	0.000	0.000	0.000	0.000	0.085	NoExpr	Pending
chr1-37721680-37721681-G-T	20.EPHA10.ENST00000373048.9.missense.709L/M				EPHA10	L709M	2	MEGVVTRGS	ENST00000373048.9	True	True	5	HLA-B*45:01	1	None	1	0	1081.815	3918.701	2.269	5.242	3.200	6.500	0.907	3.471	1.969	4.442	0.059	0.000	0.000	0.000	0.382	NoExpr	Pending
chr22-37723212-37723213-GA-G	926.TRIOBP.ENST00000644935.1.FS.219GA/G				TRIOBP	FS219	1	GEKAGCPWS	ENST00000644935.1	True	True	NA	HLA-B*45:01	NA	None	1	0	1589.628	NA	1.610	NA	1.620	NA	0.793	NA	3.327	NA	35.473	0.000	0.000	5.000	0.289	NoExpr	Pending
chr12-10159995-10159996-G-C	623.OLR1.ENST00000309539.8.missense.236Q/E				OLR1	Q236E	1	SETYPSGTC	ENST00000309539.8	True	True	1	HLA-B*45:01	2	None	1	0	1722.180	22736.291	1.500	15.000	2.300	18.000	0.285	4.051	0.705	15.890	0.273	0.000	0.000	0.000	0.195	NoExpr	Pending
chr7-87424004-87424005-A-C	385.ABCB4.ENST00000649586.2.missense.704N/K				ABCB4	N704K	4	KLKKTEWPY	ENST00000649586.2	True	True	NA	HLA-A*29:02	3	None	1	0	1107.775	459.773	2.354	0.991	2.500	1.400	2.214	0.993	0.435	0.289	0.044	0.000	0.000	0.000	0.181	NoExpr	Pending
chr5-150120064-150120065-G-A	304.PDGFRB.ENST00000261799.9.missense.882T/I				PDGFRB	T882I	1	TILSDVWSF	ENST00000261799.9	True	True	1	HLA-A*29:02	2	None	2	0	2773.292	2209.354	0.822	0.778	2.800	2.500	0.497	0.559	0.662	0.623	0.280	0.000	0.000	6.000	0.291	NoExpr	Pending
chr5-134703847-134703848-G-T	291.SEC24A.ENST00000398844.7.missense.786A/S				SEC24A	A786S	1	NPDAGYSV	ENST00000398844.7	True	True	2	HLA-B*82:02	7	None	1	0	2562.650	1259.970	1.004	0.796	0.880	0.690	3.209	2.230	6.568	5.523	10.713	0.000	0.000	133.000	0.053	NoExpr	Pending
chr5-141123692-141123693-G-C	296.PCDHB4.ENST00000194152.4.missense.565Q/H				PCDHB4	Q565H	1	YPLHNGSA	ENST00000194152.4	True	True	NA	HLA-B*82:02	4	None	2	0	1158.053	1170.651	2.550	2.200	1.600	1.600	39.758	65.698	24.662	19.830	1.436	0.000	0.000	20.000	0.307	NoExpr	Pending
chr7-117548739-117548740-G-T	406.CFTR.ENST00000003084.11.missense.437G/C				CFTR	G437C	1	FFSNFSLLC	ENST00000003084.11	True	True	1	HLA-A*29:02	9	None	1	0	1740.440	1375.580	1.700	2.050	1.500	1.600	0.065	0.092	5.079	10.329	1.844	0.000	0.000	0.000	0.116	NoExpr	Pending
chr5-115130597-115130604-ACTAACTG-A	288.TRIM36.ENST00000513154.6.FS.595-597ACTAACTG/A				TRIM36	FS595-597	3	SPRDVQDM	ENST00000513154.6	True	True	2	HLA-B*82:02	5, 6, 7, 8	None	3	0	1932.810	12213.120	1.561	9.150	1.500	3.412	23.291	29.732	12.580	20.122	1.136	0.000	0.000	0.000	0.920	NoExpr	Pending
chrX-102463004-102463005-G-A	1009.TCP11X2.ENST00000642911.1.missense.318R/W				TCP11X2	R318W	1	RIWLQELAF	ENST00000642911.1	False	True	NA	HLA-A*29:02	3	None	2	0	1283.844	6196.065	2.800	8.200	3.300	8.500	13.958	29.190	0.645	1.906	0.000	0.000	0.000	0.000	0.481	NoExpr	Pending
chr2-201835739-201835740-A-C	188.CDK15.ENST00000652192.3.missense.276E/D				CDK15	E276D	5	DALLGATDY	ENST00000652192.3	True	True	NA	HLA-A*29:02	8	None	2	0	1453.759	1102.930	2.699	1.900	2.797	1.900	5.345	3.238	2.078	0.831	0.204	0.000	0.000	0.000	0.574	NoExpr	Pending
chr1-22576425-22576426-C-A	6.EPHA8.ENST00000166244.8.missense.123N/K				EPHA8	N123K	2	CKETFKLYY	ENST00000166244.8	True	True	2	HLA-A*29:02	6	None	3	0	1886.570	1168.055	1.995	1.383	2.700	2.300	0.164	0.050	1.312	1.253	0.001	0.000	0.000	0.000	0.272	NoExpr	Pending
chr8-123220221-123220221-A-AGGGCTAC	450.C8orf76.ENST00000276704.6.FS.342A/AGGGCTAC				C8orf76	FS342	1	SPDCLGDCI	ENST00000276704.6	True	True	1	HLA-B*82:02	NA	None	1	0	3366.350	NA	1.237	NA	1.000	NA	1.374	NA	3.714	NA	45.915	0.000	0.000	344.000	0.724	NoExpr	Pending
chr3-183179682-183179683-G-A	246.MCF2L2.ENST00000328913.8.missense.1039L/F				MCF2L2	L1039F	2	SALSLAGFF	ENST00000328913.8	True	True	5	HLA-A*29:02	8	None	1	0	1977.047	1251.915	1.900	1.550	1.900	1.600	0.240	0.436	2.010	1.682	0.407	0.000	0.000	0.000	0.377	NoExpr	Pending
chr14-70060889-70060890-C-G	687.SLC8A3.ENST00000356921.7.missense.612E/Q				SLC8A3	E612Q	3	YERQQNFFI	ENST00000356921.7	True	True	1	HLA-B*45:01	5	None	4	0	1548.260	1334.778	2.700	2.700	3.300	3.300	4.914	3.299	1.451	1.331	0.023	0.000	0.000	0.000	1.000	NoExpr	Pending
chr10-13481023-13481024-C-G	513.BEND7.ENST00000466271.3.missense.313R/T				BEND7	R313T	4	FTKLVCAFF	ENST00000466271.3	True	True	5	HLA-A*29:02	2	None	2	0	1806.966	11923.023	2.350	11.900	3.400	15.000	0.490	2.179	1.686	15.959	0.053	0.000	0.000	0.000	1.000	NoExpr	Pending
chr6-29374537-29374538-G-C	323.OR12D3.ENST00000396806.3.missense.250F/L	3			OR12D3	F250L	1	CLLYGPVGF	ENST00000396806.3	True	True	NA	HLA-A*29:02	3	None	5	3	1738.776	656.650	2.422	1.445	3.500	1.780	2.543	2.276	2.101	0.921	0.006	0.000	0.000	0.000	0.398	NoExpr	Pending
chrX-8466116-8466117-G-C	953.VCX3B.ENST00000381032.6.missense.159E/Q				VCX3B	E159Q	1	QESQVEEPL	ENST00000381032.6	True	True	5	HLA-B*45:01	4	None	3	0	2224.401	2154.915	1.814	1.135	2.500	3.300	2.328	1.070	0.542	0.460	0.048	0.000	0.000	3.000	0.110	NoExpr	Pending
chr7-122013415-122013416-A-G	407.PTPRZ1.ENST00000393386.7.missense.1457N/S				PTPRZ1	N1457S	7	RESQEKVMS	ENST00000393386.7	True	True	1	HLA-B*45:01	9	None	1	0	2005.170	5467.288	2.028	5.450	4.300	6.500	1.349	2.941	0.928	6.225	0.909	0.000	0.000	0.000	0.241	NoExpr	Pending
chr13-25541937-25541938-A-T	646.ATP8A2.ENST00000381655.7.missense.224D/V				ATP8A2	D224V	3	AVMQTREVL	ENST00000381655.7	True	True	1	HLA-B*82:02	2	None	2	0	3478.540	13382.490	1.403	4.475	1.669	9.120	1.137	0.986	2.724	3.475	0.145	0.000	0.000	0.000	0.306	NoExpr	Pending
chr14-94463231-94463232-G-T	714.SERPINA9.ENST00000674397.2.missense.372T/N				SERPINA9	T372N	7	ATAATTNKF	ENST00000674397.2	True	True	NA	HLA-A*29:02	7	None	2	0	2635.709	2182.040	1.881	1.609	3.400	2.400	1.563	1.318	0.777	0.477	0.035	0.000	0.000	0.000	0.461	NoExpr	Pending
chr15-43612872-43612873-C-T	724.STRC.ENST00000450892.7.missense.901G/S				STRC	G901S	2	LEDSWPAAS	ENST00000450892.7	True	True	5	HLA-B*45:01	9	None	3	0	2344.621	3389.279	2.199	2.773	3.100	3.300	0.882	1.351	1.399	1.973	0.276	0.000	0.000	2.000	0.203	NoExpr	Pending
chr19-50625545-50625546-G-A	875.SYT3.ENST00000600079.6.missense.474S/F				SYT3	S474F	3	DPYVKAFLI	ENST00000600079.6	True	True	1	HLA-B*82:02	7	None	1	0	3970.690	5649.810	1.456	2.417	1.400	2.800	2.242	3.664	0.896	1.152	0.000	0.000	0.000	0.000	0.540	NoExpr	Pending
chr9-113369791-113369792-G-A	491.BSPRY.ENST00000374183.5.missense.287A/T				BSPRY	A287T	1	SFQNGLHTW	ENST00000374183.5	True	True	1	HLA-A*29:02	8	None	1	0	3900.660	3493.920	1.835	1.999	5.400	4.500	0.660	1.599	0.567	0.742	0.090	0.000	0.000	0.000	0.537	NoExpr	Pending
chr14-39247882-39247883-G-C	683.MIA2.ENST00000640607.2.missense.437D/H				MIA2	D437H	3	TEHQIDKKP	ENST00000640607.2	True	True	1	HLA-B*45:01	3	None	1	0	2410.528	6114.258	2.997	4.827	5.100	13.000	1.193	1.954	0.213	0.368	41.150	0.000	0.000	0.000	0.984	NoExpr	Pending
chr1-119895935-119895936-C-T	46.ADAM30.ENST00000369400.2.missense.134R/Q				ADAM30	R134Q	1	CMGGLQGVF	ENST00000369400.2	True	True	NA	HLA-A*29:02	6	None	1	0	2069.890	3246.300	3.427	4.307	3.400	4.400	1.694	2.004	3.727	4.807	0.019	0.000	0.000	0.000	0.203	NoExpr	Pending
chr2-227893862-227893863-C-T	194.DAW1.ENST00000309931.3.missense.129T/M				DAW1	T129M	1	GEELNMLEG	ENST00000309931.3	True	True	1	HLA-B*45:01	6	None	3	0	2663.608	2528.108	2.850	2.300	4.300	3.900	0.407	0.405	2.074	1.360	0.488	0.000	0.000	0.000	0.336	NoExpr	Pending
chr6-29174125-29174126-C-T	322.OR2J2.ENST00000641417.1.missense.164T/I				OR2J2	T164I	2	SFIFWVPLC	ENST00000641417.1	True	True	NA	HLA-A*29:02	3	None	3	0	2194.411	4813.615	3.350	5.200	3.100	4.900	1.076	1.472	14.390	25.862	0.037	0.000	0.000	0.000	0.277	NoExpr	Pending
chr11-193734-193735-G-A	559.SCGB1C1.ENST00000342878.3.missense.27D/N				SCGB1C1	D27N	1	NEFFMDFLQ	ENST00000342878.3	True	True	1	HLA-B*45:01	1	None	2	0	1960.033	8949.950	4.050	7.700	3.900	8.300	1.854	3.270	11.129	13.666	0.000	0.000	0.000	4.000	0.213	NoExpr	Pending
chr10-122601958-122601959-T-C	526.DMBT1.ENST00000338354.10.missense.1169M/T				DMBT1	M1169T	11	TSAPGNARF	ENST00000338354.10	True	True	1	HLA-A*29:02	1	None	2	0	3270.890	906.470	2.950	1.618	3.100	1.790	5.299	5.851	1.299	0.707	0.052	0.000	0.000	0.000	0.923	NoExpr	Pending
chr11-58190707-58190708-A-T	592.OR9Q2.ENST00000641291.1.missense.73Y/F				OR9Q2	Y73F	1	FSSAIIPQM	ENST00000641291.1	True	True	NA	HLA-A*29:02	1	None	1	0	3429.470	2379.221	2.803	2.145	4.029	3.094	2.905	2.312	1.325	1.149	0.008	0.000	0.000	0.000	0.514	NoExpr	Pending
chr7-151181249-151181250-C-T	422.ASB10.ENST00000420175.3.missense.265D/N				ASB10	D265N	3	CQSITNAEA	ENST00000420175.3	True	True	1	HLA-B*45:01	6	None	1	0	4450.093	5378.957	2.358	3.000	2.316	2.800	0.684	1.467	8.603	11.553	0.000	0.000	0.000	0.000	0.153	NoExpr	Pending
chr9-39359764-39359765-C-T	489.SPATA31A1.ENST00000377647.6.missense.667P/L				SPATA31A1	P667L	1	LERDLCPHL	ENST00000377647.6	True	True	1	HLA-B*45:01	5	None	1	0	3656.076	5858.109	3.042	3.000	3.500	4.600	2.416	1.397	1.513	0.822	0.000	0.000	0.000	0.000	0.128	NoExpr	Pending
chr3-58210851-58210852-G-C	213.DNASE1L3.ENST00000394549.7.missense.19L/V				DNASE1L3	L19V	3	AVAMRICSF	ENST00000394549.7	True	True	1	HLA-B*82:02	2	None	1	0	4145.950	5560.055	2.841	4.360	3.333	4.619	0.212	0.489	6.028	6.166	0.181	0.000	0.000	0.000	1.000	NoExpr	Pending
chrX-135721216-135721217-G-A	1015.CT45A1.ENST00000594565.6.missense.120R/Q				CT45A1	R120Q	2	SPKSQQEI	ENST00000594565.6	True	True	1	HLA-B*82:02	6	None	1	0	3874.730	5890.050	3.100	2.507	2.500	1.214	17.354	17.003	7.865	7.350	0.000	0.000	0.000	0.000	0.582	NoExpr	Pending
chrX-135779451-135779452-C-T	1017.CT45A5.ENST00000617203.1.missense.120R/Q				CT45A5	R120Q	2	SPKSQQEI	ENST00000617203.1	False	True	1	HLA-B*82:02	6	None	1	0	3874.730	5890.050	3.100	2.507	2.500	1.214	17.354	17.003	7.865	7.350	0.000	0.000	0.000	0.000	0.577	NoExpr	Pending
chrX-135796713-135796714-C-T	1019.CT45A6.ENST00000620654.2.missense.120R/Q				CT45A6	R120Q	2	SPKSQQEI	ENST00000620654.2	True	True	1	HLA-B*82:02	6	None	1	0	3874.730	5890.050	3.100	2.507	2.500	1.214	17.354	17.003	7.865	7.350	0.102	0.000	0.000	0.000	0.554	NoExpr	Pending
chr17-78484882-78484883-A-T	826.DNAH17.ENST00000389840.7.missense.2545M/K				DNAH17	M2545K	1	QHKDHRHWY	ENST00000389840.7	True	True	5	HLA-A*29:02	3	None	1	0	4485.870	745.730	3.000	1.020	3.700	1.500	0.580	0.324	1.381	0.535	0.134	0.000	0.000	2.000	0.232	NoExpr	Pending
chr6-43283594-43283595-A-T	334.TTBK1.ENST00000259750.9.missense.952E/V				TTBK1	E952V	1	VEFSAGGEL	ENST00000259750.9	True	True	1	HLA-B*45:01	1	None	1	0	2739.999	1490.669	5.050	2.393	5.900	2.600	13.830	3.740	0.804	0.452	0.015	0.000	0.000	0.000	0.267	NoExpr	Pending
chr5-23521053-23521054-C-G	286.PRDM9.ENST00000296682.4.missense.128S/C				PRDM9	S128C	1	NECSLKELS	ENST00000296682.4	True	True	1	HLA-B*45:01	3	None	1	0	2984.550	2504.450	4.740	2.928	4.800	3.500	14.556	3.056	1.520	0.878	0.024	0.000	0.000	0.000	0.417	NoExpr	Pending
chr1-66834005-66834006-C-G	40.DNAI4.ENST00000371026.8.missense.626G/R				DNAI4	G626R	1	VIRKRLDCY	ENST00000371026.8	True	True	1	HLA-A*29:02	5	None	1	0	4008.470	1940.615	3.795	2.600	5.100	3.600	1.505	1.210	1.482	0.640	7.011	0.000	0.000	0.000	0.605	NoExpr	Pending
chr3-52517959-52517960-A-C	210.STAB1.ENST00000321725.10.missense.1573H/P				STAB1	H1573P	1	APTVGDGL	ENST00000321725.10	True	True	1	HLA-B*82:02	2	None	1	0	6479.820	29656.050	2.680	33.448	3.560	39.000	1.765	27.897	8.480	33.112	0.090	0.000	0.000	0.000	1.000	NoExpr	Pending
chr5-136274698-136274699-C-T	295.TRPC7.ENST00000513104.6.missense.368A/T	1			TRPC7	A368T	2	LPFLAITY	ENST00000513104.6	True	True	5	HLA-A*29:02	7	None	3	1	5106.929	4859.418	3.350	3.000	3.600	3.100	22.745	39.161	1.763	2.024	0.005	0.000	0.000	0.000	0.366	NoExpr	Pending
chr17-10499040-10499041-G-A	818.MYH1.ENST00000226207.6.missense.1306S/L				MYH1	S1306L	1	SQLLRGKQA	ENST00000226207.6	True	True	5	HLA-B*45:01	4	None	1	0	3960.976	3896.249	4.425	5.650	3.700	4.400	7.147	6.900	3.025	4.079	0.009	0.000	0.000	0.000	0.988	NoExpr	Pending
chr13-25541936-25541937-G-C	634.ATP8A2.ENST00000381655.7.missense.224D/H				ATP8A2	D224H	3	HMQTREVLM	ENST00000381655.7	True	True	1	HLA-A*29:02	1	None	1	0	3839.924	7111.135	5.400	8.273	5.000	8.000	17.347	35.643	4.174	6.823	0.145	0.000	0.000	0.000	0.304	NoExpr	Pending
chr13-37746421-37746422-C-T	655.TRPC4.ENST00000379705.8.missense.138E/K				TRPC4	E138K	1	ILLDKQFSK	ENST00000379705.8	True	True	1	HLA-A*29:02	9	None	1	0	6507.435	15301.923	3.060	16.000	3.100	16.000	3.427	5.157	1.789	17.409	0.053	0.000	0.000	0.000	0.507	NoExpr	Pending
chr1-111727105-111727106-G-T	42.INKA2.ENST00000357260.6.missense.252S/R				INKA2	S252R	1	RLSKGSGHF	ENST00000357260.6	True	True	1	HLA-A*29:02	1	None	1	0	6086.820	3915.306	3.421	2.405	6.300	3.700	2.943	1.569	2.117	1.706	2.143	0.000	0.000	29.000	0.063	NoExpr	Pending
chr1-160876800-160876801-C-T	64.ITLN1.ENST00000326245.4.missense.269G/R				ITLN1	G269R	1	HHCIGGRGY	ENST00000326245.4	True	True	1	HLA-A*29:02	7	None	1	0	5359.210	3077.970	3.850	2.500	4.300	2.500	9.489	13.144	1.524	1.485	0.000	0.000	0.000	0.000	0.250	NoExpr	Pending
chr11-92982014-92982015-G-T	614.MTNR1B.ENST00000257068.3.missense.264W/C				MTNR1B	W264C	1	IFAICCAPL	ENST00000257068.3	True	True	1	HLA-A*29:02	6	None	1	0	3950.366	3102.384	5.800	5.450	4.800	4.900	24.492	11.885	15.315	11.558	0.000	0.000	0.000	0.000	0.414	NoExpr	Pending
chr11-70087776-70087777-C-T	612.ANO1.ENST00000355303.10.missense.45P/L				ANO1	P45L	3	VDLDAECKY	ENST00000355303.10	True	True	1	HLA-A*29:02	3	None	1	0	4960.130	9704.285	4.248	9.100	4.900	9.100	4.597	10.212	1.340	1.971	0.764	0.000	0.000	0.000	0.187	NoExpr	Pending
chr1-196995755-196995756-A-G	72.CFHR5.ENST00000256785.5.missense.216N/S				CFHR5	N216S	1	PPQLSSGEV	ENST00000256785.5	True	True	1	HLA-B*82:02	6	None	1	0	8474.300	8671.400	2.950	3.450	3.700	3.700	1.807	1.534	16.872	15.359	0.000	0.000	0.000	0.000	0.287	NoExpr	Pending
chr7-47833094-47833095-G-A	369.PKD1L1.ENST00000289672.7.missense.2111T/I				PKD1L1	T2111I	1	HIQAPSSGL	ENST00000289672.7	True	True	1	HLA-B*82:02	2	None	1	0	5670.880	9014.560	3.980	6.938	5.400	10.100	2.560	3.777	5.032	8.399	0.696	0.000	0.000	0.000	0.322	NoExpr	Pending
chr11-63290369-63290370-G-A	598.SLC22A10.ENST00000332793.11.missense.69E/K				SLC22A10	E69K	2	ILSKDALLR	ENST00000332793.11	True	True	1	HLA-A*29:02	4	None	1	0	4998.745	3540.286	4.661	3.646	4.900	4.300	1.159	0.700	10.103	5.570	0.070	0.000	0.000	0.000	0.553	NoExpr	Pending
chr6-55351464-55351465-G-C	342.GFRAL.ENST00000340465.2.missense.195D/H				GFRAL	D195H	1	AFCDCAQSH	ENST00000340465.2	True	True	1	HLA-A*29:02	9	None	1	0	4713.925	22449.224	5.100	29.000	5.600	28.000	3.361	9.913	5.373	76.143	0.013	0.000	0.000	0.000	0.511	NoExpr	Pending
chr21-43172070-43172071-G-C	912.CRYAA.ENST00000291554.6.missense.105D/H				CRYAA	D105H	1	NERQHDHGY	ENST00000291554.6	True	True	1	HLA-A*29:02	5	None	1	0	5922.955	6926.350	4.100	5.017	4.900	6.200	2.006	5.133	1.681	2.113	0.000	0.000	0.000	0.000	0.540	NoExpr	Pending
chr16-28652309-28652310-C-T	774.NPIPB8.ENST00000683297.1.missense.182T/M				NPIPB8	T182M	1	KIRKRKVTM	ENST00000683297.1	True	True	NA	HLA-B*82:02	9	None	1	0	10860.890	26399.505	2.975	19.500	3.550	22.000	1.281	14.880	14.809	58.143	0.703	0.000	0.000	5.000	0.107	NoExpr	Pending
chr16-28766434-28766435-C-T	776.NPIPB9.ENST00000550983.1.missense.179T/M				NPIPB9	T179M	1	KIRKRKVTM	ENST00000550983.1	False	True	1	HLA-B*82:02	9	None	1	0	10860.890	26399.505	2.975	19.500	3.550	22.000	1.281	14.880	14.809	58.143	1.874	0.000	0.000	10.000	0.117	NoExpr	Pending
chr1-22660990-22660991-G-A	8.C1QB.ENST00000509305.6.missense.121A/T				C1QB	A121T	1	ATQKITFSA	ENST00000509305.6	True	True	1	HLA-B*45:01	6	None	1	0	6294.760	5577.395	4.200	4.200	3.900	3.500	0.058	0.114	6.258	6.870	0.000	0.000	0.000	0.000	0.984	NoExpr	Pending
chr14-24068642-24068643-G-A	673.CARMIL3.ENST00000342740.6.missense.1248E/K				CARMIL3	E1248K	1	KEEKEGTLF	ENST00000342740.6	True	True	5	HLA-B*45:01	1	None	1	0	6567.112	4017.514	3.973	3.350	5.400	4.100	3.745	1.576	1.296	1.201	1.601	0.000	0.000	25.000	0.185	NoExpr	Pending
chr3-39188114-39188115-A-T	206.XIRP1.ENST00000340369.4.missense.444L/H				XIRP1	L444H	1	TFKNHFETL	ENST00000340369.4	True	True	1	HLA-B*82:02	5	None	1	0	11619.990	14397.370	2.907	5.829	19.000	18.000	0.122	0.212	2.607	5.479	0.042	0.000	0.000	0.000	0.661	NoExpr	Pending
chr2-26458127-26458128-A-G	114.OTOF.ENST00000339598.8.missense.1202I/T				OTOF	I1202T	1	TVLALLGLL	ENST00000339598.8	False	False	1	HLA-A*29:02	1	None	1	0	5493.590	5180.440	5.400	4.650	4.800	4.600	1.052	0.879	12.459	12.203	0.281	0.000	0.000	0.000	0.995	NoExpr	Pending
chr2-113482183-113482183-G-GA	151.CBWD2.ENST00000259199.9.FS.257-258G/GA				CBWD2	FS257-258	1	LQKKTSACA	ENST00000259199.9	True	True	1	HLA-B*45:01	NA	None	1	0	9542.735	NA	4.038	NA	3.900	NA	4.176	NA	15.459	NA	3.384	0.000	0.000	62.000	0.113	NoExpr	Pending
chr8-132948805-132948806-C-G	469.TG.ENST00000220616.9.missense.1755P/R				TG	P1755R	1	LLSSRSVLL	ENST00000220616.9	True	True	1	HLA-A*29:02	5	None	1	0	7171.852	5825.865	7.321	7.008	8.300	7.416	6.341	4.201	7.175	5.820	0.721	0.000	0.000	0.000	0.992	NoExpr	Pending
chr20-2312957-2312958-C-T	882.TGM3.ENST00000381458.6.missense.201R/C				TGM3	R201C	1	CDAATDVA	ENST00000381458.6	True	True	1	HLA-B*45:01	1	None	1	0	8704.817	9939.463	7.043	6.155	5.000	5.500	17.252	20.543	30.112	15.590	0.000	0.000	0.000	0.000	0.650	NoExpr	Pending
chr16-16387708-16387709-G-A	767.NPIPA7.ENST00000530217.2.missense.114E/K				NPIPA7	E114K	1	RQVKTKVRA	ENST00000530217.2	False	True	5	HLA-B*45:01	4	None	1	0	9667.446	5838.794	6.666	4.100	7.000	6.100	6.332	3.191	6.178	1.829	8.705	0.000	0.000	238.000	0.254	NoExpr	Pending
chr16-18324187-18324188-C-T	769.NPIPA8.ENST00000541810.5.missense.114E/K				NPIPA8	E114K	1	RQVKTKVRA	ENST00000541810.5	False	True	5	HLA-B*45:01	4	None	1	0	9667.446	5838.794	6.666	4.100	7.000	6.100	6.332	3.191	6.178	1.829	2.994	0.000	0.000	177.000	0.216	NoExpr	Pending
chr4-121932625-121932626-C-A	267.TRPC3.ENST00000379645.8.missense.211C/F				TRPC3	C211F	1	TLSPFEQEL	ENST00000379645.8	True	True	1	HLA-A*29:02	5	None	1	0	11919.609	14508.569	6.224	12.903	9.700	13.000	3.537	19.716	4.274	9.053	0.068	0.000	0.000	0.000	0.300	NoExpr	Pending
chr1-203347717-203347718-G-C	73.FMOD.ENST00000354955.5.missense.185H/D				FMOD	H185D	1	RELHLDDNQ	ENST00000354955.5	True	True	1	HLA-B*45:01	7	None	1	0	6391.135	3738.445	11.520	6.900	11.040	6.900	19.870	6.492	10.494	5.424	0.000	0.000	0.000	0.000	0.284	NoExpr	Pending
chr7-39339738-39339739-G-C	368.POU6F2.ENST00000518318.7.missense.232Q/H				POU6F2	Q232H	1	STNHHPQPA	ENST00000518318.7	True	True	1	HLA-B*45:01	4	None	1	0	13649.930	13332.405	5.650	5.066	5.800	5.600	1.290	1.735	25.712	20.880	0.273	0.000	0.000	0.000	0.299	NoExpr	Pending
chr4-110559663-110559664-G-C	264.ENPEP.ENST00000265162.10.missense.887R/T				ENPEP	R887T	1	TLNNTNLGR	ENST00000265162.10	True	True	1	HLA-A*29:02	5	None	1	0	11747.344	15564.239	6.960	7.925	7.900	8.600	1.690	4.486	12.766	13.946	0.032	0.000	0.000	0.000	0.239	NoExpr	Pending
chr11-46876561-46876562-C-T	590.LRP4.ENST00000378623.6.missense.1147R/Q				LRP4	R1147Q	1	YWTDTGTNQ	ENST00000378623.6	True	True	1	HLA-A*29:02	9	None	1	0	10058.993	5912.425	8.119	5.350	8.900	6.200	4.152	2.842	18.622	5.379	0.268	0.000	0.000	2.000	0.421	NoExpr	Pending
chr9-138120681-138120682-G-A	510.CACNA1B.ENST00000371372.6.missense.2097G/D				CACNA1B	G2097D	1	GEGPTDCRR	ENST00000371372.6	True	True	5	HLA-B*45:01	6	None	1	0	7694.031	7362.529	10.570	8.489	12.000	9.720	5.181	3.084	8.515	5.839	0.154	0.000	0.000	0.000	0.276	NoExpr	Pending
chr2-94874875-94874876-T-A	139.TEKT4.ENST00000295201.5.missense.272C/S				TEKT4	C272S	1	RVLVDSILR	ENST00000295201.5	True	True	1	HLA-A*29:02	6	None	1	0	10401.290	9015.340	8.954	9.343	9.000	10.000	6.246	8.685	6.897	10.450	0.614	0.000	0.000	0.000	0.446	NoExpr	Pending
chr4-176120051-176120052-G-A	277.WDR17.ENST00000508596.6.missense.165V/I				WDR17	V165I	1	THQKGKIVF	ENST00000508596.6	True	True	1	HLA-B*82:02	7	None	1	0	19688.855	19038.371	6.094	5.779	26.000	23.000	1.297	1.220	3.644	3.379	0.514	0.000	0.000	2.000	0.489	NoExpr	Pending
chrX-149548665-149548666-C-T	1021.HSFX3.ENST00000431993.4.missense.243R/H				HSFX3	R243H	1	QSFRHSGMW	ENST00000431993.4	True	True	3	HLA-A*29:02	5	None	1	0	9111.604	13005.060	12.573	19.309	16.000	21.000	3.198	11.190	5.558	11.659	0.012	0.000	0.000	0.000	0.610	NoExpr	Pending
chr16-72128664-72128665-T-G	785.PMFBP1.ENST00000237353.15.missense.694N/H				PMFBP1	N694H	1	IQDLHKEIA	ENST00000237353.15	True	True	1	HLA-B*45:01	5	None	1	0	11322.406	12593.728	9.819	12.479	12.000	14.000	6.104	10.957	3.498	4.575	0.380	0.000	0.000	0.000	0.065	NoExpr	Pending
chr6-47000271-47000272-C-T	341.ADGRF1.ENST00000371253.7.missense.895G/R				ADGRF1	G895R	1	GHYAFSHTR	ENST00000371253.7	True	True	1	HLA-A*29:02	9	None	1	0	12229.658	20282.767	8.189	28.500	9.380	27.000	1.354	2.185	9.530	46.372	0.655	0.000	0.000	0.000	0.491	NoExpr	Pending
chr4-5988666-5988667-T-A	255.C4orf50.ENST00000531445.3.missense.1127M/L				C4orf50	M1127L	1	QGKAKLHAL	ENST00000531445.3	False	True	5	HLA-B*82:02	6	None	1	0	13239.780	8788.298	7.900	6.035	12.000	7.970	0.828	0.548	7.400	10.059	0.025	0.000	0.000	0.000	0.946	NoExpr	Pending
chr15-44767434-44767452-AAATGGACAGTTGGAGTTG-A	726.TRIM69.ENST00000329464.9.inframe_del.389-395KWTVGVV/I				TRIM69	KWTVGVV389-395I	1	VEVAKKTIR	ENST00000329464.9	True	True	1	HLA-B*45:01	8, 9	None	1	0	10573.916	16391.850	10.779	12.900	15.000	16.000	5.749	23.209	6.379	2.271	21.208	0.000	0.000	3.000	0.299	NoExpr	Pending
chr3-44242057-44242058-G-A	208.TOPAZ1.ENST00000309765.4.missense.2R/Q				TOPAZ1	R2Q	1	MQRPPPLGP	ENST00000309765.4	True	True	5	HLA-B*45:01	2	None	1	0	19819.094	35641.795	7.300	20.845	18.000	52.000	1.253	1.365	1.557	9.500	0.005	0.000	0.000	0.000	0.307	NoExpr	Pending
chr14-94382907-94382908-C-G	698.SERPINA1.ENST00000393087.9.missense.110E/D				SERPINA1	E110D	1	FNLTDIPEA	ENST00000393087.9	True	True	1	HLA-B*45:01	5	None	1	0	13054.472	12361.251	9.050	8.800	9.700	9.200	1.974	2.231	15.640	15.240	4.892	0.000	0.000	0.000	0.180	NoExpr	Pending
chr15-94399982-94399983-G-T	758.MCTP2.ENST00000357742.10.missense.651K/N				MCTP2	K651N	1	FVEDSRNL	ENST00000357742.10	True	True	1	HLA-B*82:02	7	None	1	0	13278.840	18927.410	9.833	17.616	7.666	15.000	72.295	75.887	18.972	13.366	0.138	0.000	0.000	0.000	0.203	NoExpr	Pending
chr8-138737576-138737577-C-A	470.COL22A1.ENST00000303045.11.missense.696G/W				COL22A1	G696W	1	GLQGLRWKK	ENST00000303045.11	True	True	1	HLA-A*29:02	7	None	1	0	14844.085	22610.351	13.043	28.653	13.260	29.000	12.826	28.306	14.090	29.112	0.308	0.000	0.000	2.000	0.200	NoExpr	Pending
chr21-44330789-44330813-AGGCAGCCGCGGCCCCTAGCGGCCC-A	915.CFAP410.ENST00000397956.7.inframe_del.217-224GPLGAAAA/-				CFAP410	GPLGAAAA217-224-	1	HRGRVSGSA	ENST00000397956.7	False	False	1	HLA-B*45:01	8, 9	None	1	0	19965.824	45142.700	18.705	54.000	19.410	63.000	9.698	25.192	38.372	61.643	6.570	0.000	0.000	18.000	0.376	NoExpr	Pending
